sample_id,lineage_X,lineage_Y,mutation_pattern,X_mutations,Y_mutations,shared_mutations,denovo_mutations
EPI_ISL_431112,B.1.631,B.1.634,YYYYYYYXXXXXXXY,23604_A/23765_G/24442_T/24642_T/26222_T/27769_T/28330_G,7142_G/9614_G/9693_T/9754_C/11288_---------/15451_A/16466_T/28910_T,3037_T/14408_T/21615_G/21846_T/22036_C/23403_G/23625_T,1419_T/1471_T/3688_T/3884_T/6633_T/6717_T/8480_T/12880_T/18744_T/20540_C/20542_G/20987_T/21057_T/21632_C/23236_T/26319_G/27389_T/28048_A/28854_T/28936_T/29543_T
EPI_ISL_4367374,B.1.631,B.1.634,YYYYYYYXXXXXXXXY,22882_A/23604_A/23765_G/24442_T/24642_T/26222_T/27769_T/28330_G,7142_G/9614_G/9693_T/9754_C/11288_---------/15451_A/16466_T/28910_T,3037_T/14408_T/21615_G/21846_T/22036_C/23403_G/23625_T,1419_T/3688_T/3884_T/6633_T/6717_T/8480_T/17403_T/19032_T/20987_T/21057_T/24422_A/27389_T/28048_A/28854_T/29543_T
EPI_ISL_4567773,cluster31_AY.26,AY.3.3,XXXXXXXYYYYY,2911_G/5184_T/5584_G/9891_T/11418_C/11514_T/13019_T,21987_A/27874_T/28916_T/29050_A/29509_T,3037_T/14408_T/15451_A/16466_T/21618_G/22029_------/22917_G/22995_A/23403_G/23604_G/24410_A/25469_T/26767_C/27638_C/27752_T/28248_------/28461_G/28881_T/29402_T,6841_T/12097_G/22741_C/26004_T
EPI_ISL_4457645,cluster31_AY.26,AY.3.3,XXXXXXXYYYYY,2911_G/5184_T/5584_G/9891_T/11418_C/11514_T/13019_T,21987_A/27874_T/28916_T/29050_A/29509_T,3037_T/14408_T/15451_A/16466_T/21618_G/22029_------/22917_G/22995_A/23403_G/23604_G/24410_A/25469_T/26767_C/27638_C/27752_T/28248_------/28461_G/28881_T/29402_T,6841_T/7328_T/12097_G/22741_C/26004_T
EPI_ISL_4367090,B.1.631,B.1.634,YYYYYYYXXXXXXXXY,22882_A/23604_A/23765_G/24442_T/24642_T/26222_T/27769_T/28330_G,7142_G/9614_G/9693_T/9754_C/11288_---------/15451_A/16466_T/28910_T,3037_T/14408_T/21615_G/21846_T/22036_C/23403_G/23625_T,1419_T/3688_T/3884_T/5887_T/6633_T/6717_T/8394_T/8480_T/17403_T/20987_T/21057_T/27389_T/27758_A/27760_A/28048_A/28854_T/29543_T
EPI_ISL_4367233,B.1.631,B.1.634,YYYYYYYXXXXXXXXY,22882_A/23604_A/23765_G/24442_T/24642_T/26222_T/27769_T/28330_G,7142_G/9614_G/9693_T/9754_C/11288_---------/15451_A/16466_T/28910_T,3037_T/14408_T/21615_G/21846_T/22036_C/23403_G/23625_T,1419_T/1471_T/2590_C/3688_T/3884_T/4879_C/6633_T/6717_T/8480_T/20145_A/20987_T/21057_T/21632_C/23012_C/26319_G/27389_T/28048_A/28603_T/28854_T/28936_T/29543_T
EPI_ISL_1410456,cluster67_B.1.1.7,B.1.177.18,YYYYXXXXXXXXXXXXXXXXXX,21765_------/21991_---/23063_T/23271_A/23604_A/23709_T/24506_G/24914_C/27972_T/28048_T/28111_G/28280_C/28281_T/28282_A/28881_A/28882_A/28883_C/28977_T,445_C/6286_T/10323_G/21255_C,3037_T/14408_T/23403_G,2019_C/4999_T/8090_T/9430_T/13945_T/20410_A/23208_T/25855_T/28095_T
EPI_ISL_1414870,cluster67_B.1.1.7,B.1.177.18,YYYYXXXXXXXXXXXXXXXXXX,21765_------/21991_---/23063_T/23271_A/23604_A/23709_T/24506_G/24914_C/27972_T/28048_T/28111_G/28280_C/28281_T/28282_A/28881_A/28882_A/28883_C/28977_T,445_C/6286_T/10323_G/21255_C,3037_T/14408_T/23403_G,2019_C/4999_T/8090_T/9430_T/13945_T/20410_A/23208_T/25855_T/28095_T
EPI_ISL_431113,B.1.631,B.1.634,YYYYYYYXXXXXXXY,22882_A/23604_A/23765_G/24442_T/26222_T/27769_T/28330_G,7142_G/9614_G/9693_T/9754_C/11288_---------/15451_A/16466_T/28910_T,3037_T/14408_T/21615_G/21846_T/22036_C/23403_G/23625_T,3688_T/3884_T/5812_T/6633_T/16329_T/21057_T/27389_T/27892_G/28048_A/28854_T
EPI_ISL_4367377,B.1.631,B.1.634,YYYYYYYXXXXXXXXY,22882_A/23604_A/23765_G/24442_T/24642_T/26222_T/27769_T/28330_G,7142_G/9614_G/9693_T/9754_C/11288_---------/15451_A/16466_T/28910_T,3037_T/14408_T/21615_G/21846_T/22036_C/23403_G/23625_T,1255_G/3688_T/3884_T/6633_T/15026_T/21057_T/23114_T/23638_T/27389_T/28048_A/28854_T
EPI_ISL_4367096,B.1.631,B.1.634,YYYYYYYXXXXXXXXY,22882_A/23604_A/23765_G/24442_T/24642_T/26222_T/27769_T/28330_G,7142_G/9614_G/9693_T/9754_C/11288_---------/15451_A/16466_T/28910_T,3037_T/14408_T/21615_G/21846_T/22036_C/23403_G/23625_T,3688_T/3884_T/5240_T/5880_T/6633_T/9891_T/14224_G/15760_T/21057_T/21123_T/22092_A/23664_T/26444_T/27389_T/27892_G/28328_A/28854_T
EPI_ISL_1453403,cluster67_B.1.1.7,B.1.177.18,YYYYXXXXXXXXXXXXXXXXXX,21765_------/21991_---/23063_T/23271_A/23604_A/23709_T/24506_G/24914_C/27972_T/28048_T/28111_G/28280_C/28281_T/28282_A/28881_A/28882_A/28883_C/28977_T,445_C/6286_T/10323_G/21255_C,3037_T/14408_T/23403_G,1457_T/2019_C/4999_T/8090_T/9430_T/13945_T/20410_A/23208_T/25855_T/28095_T
EPI_ISL_4459650,cluster31_AY.26,AY.3.3,XXXXXXXYYYYY,2911_G/5184_T/5584_G/9891_T/11418_C/11514_T/13019_T,21987_A/27874_T/28916_T/29050_A/29509_T,3037_T/14408_T/15451_A/16466_T/21618_G/22029_------/22917_G/22995_A/23403_G/23604_G/24410_A/25469_T/26767_C/27638_C/27752_T/28248_------/28461_G/28881_T/29402_T,6841_T/12097_G/22741_C
EPI_ISL_4367406,B.1.631,B.1.634,YYYYYYYXXXXXXXXY,22882_A/23604_A/23765_G/24442_T/24642_T/26222_T/27769_T/28330_G,7142_G/9614_G/9693_T/9754_C/11288_---------/15451_A/16466_T/28910_T,3037_T/14408_T/21615_G/21846_T/22036_C/23403_G/23625_T,518_T/1190_T/3688_T/3884_T/6633_T/6717_T/8480_T/14246_G/14452_A/15237_T/16269_A/19586_T/20987_T/21057_T/26270_T/27389_T/28048_A/28854_T/29543_T
EPI_ISL_4367236,B.1.631,B.1.634,YYYYYYYXXXXXXXXY,22882_A/23604_A/23765_G/24442_T/24642_T/26222_T/27769_T/28330_G,7142_G/9614_G/9693_T/9754_C/11288_---------/15451_A/16466_T/28910_T,3037_T/14408_T/21615_G/21846_T/22036_C/23403_G/23625_T,1255_G/1722_T/3688_T/3884_T/6633_T/15026_T/21057_T/21618_T/23638_T/24378_T/24406_G/27389_T/28048_A/28854_T
EPI_ISL_431120,B.1.631,B.1.634,YYYYYYYXXXXXXXY,23604_A/23765_G/24442_T/24642_T/26222_T/27769_T/28330_G,7142_G/9614_G/9693_T/9754_C/11288_---------/15451_A/16466_T/28910_T,3037_T/14408_T/21615_G/21846_T/22036_C/23403_G/23625_T,1419_T/3688_T/3884_T/6717_T/7981_G/8480_T/17403_T/20987_T/21057_T/27389_T/28048_A/28854_T/29543_T
EPI_ISL_4367109,B.1.631,B.1.634,YYYYYYYXXXXXXXXY,22882_A/23604_A/23765_G/24442_T/24642_T/26222_T/27769_T/28330_G,7142_G/9614_G/9693_T/9754_C/11288_---------/15451_A/16466_T/28910_T,3037_T/14408_T/21615_G/21846_T/22036_C/23403_G/23625_T,1190_T/3688_T/3884_T/5310_T/6633_T/6717_T/7328_T/8480_T/14452_A/15237_T/20987_T/21057_T/27389_T/28048_A/28854_T/29543_T
EPI_ISL_1410971,cluster67_B.1.1.7,B.1.177.18,YYYYXXXXXXXXXXXXXXXXXX,21765_------/21991_---/23063_T/23271_A/23604_A/23709_T/24506_G/24914_C/27972_T/28048_T/28111_G/28280_C/28281_T/28282_A/28881_A/28882_A/28883_C/28977_T,445_C/6286_T/10323_G/21255_C,3037_T/14408_T/23403_G,2019_C/4999_T/8090_T/9430_T/13945_T/20410_A/23208_T/25855_T/28095_T
EPI_ISL_1414990,cluster67_B.1.1.7,B.1.177.18,YYYYXXXXXXXXXXXXXXXXXX,21765_------/21991_---/23063_T/23271_A/23604_A/23709_T/24506_G/24914_C/27972_T/28048_T/28111_G/28280_C/28281_T/28282_A/28881_A/28882_A/28883_C/28977_T,445_C/6286_T/10323_G/21255_C,3037_T/14408_T/23403_G,2019_C/4999_T/8090_T/9430_T/13945_T/20410_A/23208_T/25855_T/28095_T
EPI_ISL_4470455,cluster31_AY.26,AY.3.3,XXXXXXXYYYY,2911_G/5184_T/5584_G/9891_T/11418_C/11514_T/13019_T,27874_T/28916_T/29050_A/29509_T,3037_T/14408_T/15451_A/16466_T/21618_G/22029_------/22917_G/22995_A/23403_G/23604_G/24410_A/25469_T/26767_C/27638_C/27752_T/28248_------/28461_G/28881_T/29402_T,12097_G/22639_T/22741_C/25471_T/28456_A
EPI_ISL_4367428,B.1.631,B.1.634,YYYYYYYXXXXXXXXY,22882_A/23604_A/23765_G/24442_T/24642_T/26222_T/27769_T/28330_G,7142_G/9614_G/9693_T/9754_C/11288_---------/15451_A/16466_T/28910_T,3037_T/14408_T/21615_G/21846_T/22036_C/23403_G/23625_T,988_T/1255_G/3688_T/3884_T/5294_A/6633_T/12591_C/15026_T/21057_T/21255_T/22498_T/23638_T/25513_T/27389_T/27427_T/28048_A/28610_A/28854_T
EPI_ISL_4367114,B.1.631,B.1.634,YYYYYYYXXXXXXXXY,22882_A/23604_A/23765_G/24442_T/24642_T/26222_T/27769_T/28330_G,7142_G/9614_G/9693_T/9754_C/11288_---------/15451_A/16466_T/28910_T,3037_T/14408_T/21615_G/22036_C/23403_G/23625_T,3688_T/3884_T/6633_T/7735_T/19694_T/21057_T/22975_G/23401_T/24933_T/25827_C/27389_T/27892_G/28048_A/28854_T/29218_T
EPI_ISL_4367277,B.1.631,B.1.634,YYYYYYYXXXXXXXXY,22882_A/23604_A/23765_G/24442_T/24642_T/26222_T/27769_T/28330_G,7142_G/9614_G/9693_T/9754_C/11288_---------/15451_A/16466_T/28910_T,3037_T/14408_T/21615_G/21846_T/22036_C/23403_G/23625_T,282_T/3688_T/3884_T/6633_T/6717_T/6759_T/8892_T/11401_T/12514_T/14766_C/17439_T/21057_T/24319_T/27389_T/28048_A/28432_T/28854_T/29543_T
EPI_ISL_431121,B.1.631,B.1.634,YYYYYYYXXXXXXXY,23604_A/23765_G/24442_T/24642_T/26222_T/27769_T/28330_G,7142_G/9614_G/9693_T/9754_C/11288_---------/15451_A/16466_T/28910_T,3037_T/14408_T/21615_G/21846_T/22036_C/23403_G/23625_T,3688_T/3884_T/4513_A/6633_T/9206_G/19085_G/21057_T/25942_C/27389_T/27572_T/27892_G/28048_A/28854_T
EPI_ISL_4367434,B.1.631,B.1.634,YYYYYYYXXXXXXXXY,22882_A/23604_A/23765_G/24442_T/24642_T/26222_T/27769_T/28330_G,7142_G/9614_G/9693_T/9754_C/11288_---------/15451_A/16466_T/28910_T,3037_T/14408_T/21615_G/21846_T/22036_C/23403_G/23625_T,1255_G/2842_T/3688_T/3884_T/6633_T/15026_T/21057_T/23638_T/27389_T/28048_A/28854_T
EPI_ISL_4470468,cluster31_AY.26,AY.3.3,XXXXXXXYYYY,2911_G/5184_T/5584_G/9891_T/11418_C/11514_T/13019_T,27874_T/28916_T/29050_A/29509_T,3037_T/14408_T/15451_A/16466_T/21618_G/22029_------/22917_G/22995_A/23403_G/23604_G/24410_A/25469_T/26767_C/27638_C/27752_T/28248_------/28461_G/28881_T/29402_T,12097_G/22639_T/22741_C/25471_T/28456_A
EPI_ISL_1467202,cluster67_B.1.1.7,B.1.177.18,YYYYXXXXXXXXXXXXXXXXXX,21765_------/21991_---/23063_T/23271_A/23604_A/23709_T/24506_G/24914_C/27972_T/28048_T/28111_G/28280_C/28281_T/28282_A/28881_A/28882_A/28883_C/28977_T,445_C/6286_T/10323_G/21255_C,3037_T/14408_T/23403_G,2019_C/4999_T/8090_T/9430_T/13945_T/16260_T/20410_A/23208_T/25521_T/25855_T/28095_T
EPI_ISL_4367115,B.1.631,B.1.634,YYYYYYYXXXXXXXXY,22882_A/23604_A/23765_G/24442_T/24642_T/26222_T/27769_T/28330_G,7142_G/9614_G/9693_T/9754_C/11288_---------/15451_A/16466_T/28910_T,3037_T/14408_T/21615_G/21846_T/22036_C/23403_G/23625_T,1255_G/2488_T/3688_T/3884_T/4057_C/4827_T/6028_G/6633_T/7797_G/9588_C/12084_T/15026_T/21057_T/23638_T/25046_T/27389_T/28048_A/28854_T
EPI_ISL_1411015,cluster67_B.1.1.7,B.1.177.18,YYYYXXXXXXXXXXXXXXXXXX,21765_------/21991_---/23063_T/23271_A/23604_A/23709_T/24506_G/24914_C/27972_T/28048_T/28111_G/28280_C/28281_T/28282_A/28881_A/28882_A/28883_C/28977_T,445_C/6286_T/10323_G/21255_C,3037_T/14408_T/23403_G,1457_T/2019_C/4999_T/8090_T/9430_T/13945_T/20410_A/23208_T/25855_T/28095_T
EPI_ISL_4512596,cluster31_AY.26,AY.3.3,XXXXXXXYYYY,2911_G/5184_T/5584_G/9891_T/11418_C/11514_T/13019_T,27874_T/28916_T/29050_A/29509_T,3037_T/14408_T/15451_A/16466_T/21618_G/22029_------/22917_G/22995_A/23403_G/23604_G/24410_A/25469_T/26767_C/27638_C/27752_T/28248_------/28461_G/28881_T/29402_T,12097_G/22741_C/25075_T
EPI_ISL_4367438,B.1.631,B.1.634,YYYYYYYXXXXXXXXY,22882_A/23604_A/23765_G/24442_T/24642_T/26222_T/27769_T/28330_G,7142_G/9614_G/9693_T/9754_C/11288_---------/15451_A/16466_T/28910_T,3037_T/14408_T/21615_G/22036_C/23403_G/23625_T,1419_T/1609_T/3688_T/3884_T/5055_T/6633_T/8480_T/12417_G/12667_G/17403_T/18259_G/19032_T/20987_T/21057_T/21575_T/24422_A/26427_C/27389_T/28048_A/28854_T/29543_T
EPI_ISL_4367294,B.1.631,B.1.634,YYYYYYYXXXXXXXXY,22882_A/23604_A/23765_G/24442_T/24642_T/26222_T/27769_T/28330_G,7142_G/9614_G/9693_T/9754_C/11288_---------/15451_A/16466_T/28910_T,3037_T/14408_T/21615_G/21846_T/22036_C/23403_G/23625_T,1255_G/3688_T/3884_T/6633_T/7006_T/15026_T/21057_T/23638_T/26895_T/27389_T/28048_A/28854_T
EPI_ISL_431122,B.1.631,B.1.634,YYYYYYYXXXXXXXY,23604_A/23765_G/24442_T/24642_T/26222_T/27769_T/28330_G,7142_G/9614_G/9693_T/9754_C/11288_---------/15451_A/16466_T/28910_T,3037_T/14408_T/21615_G/21846_T/22036_C/23403_G/23625_T,1419_T/3688_T/3884_T/6633_T/6717_T/8480_T/17403_T/18429_C/20987_T/21057_T/27389_T/28048_A/28854_T/29466_T/29543_T
EPI_ISL_4367116,B.1.631,B.1.634,YYYYYYYXXXXXXXXY,22882_A/23604_A/23765_G/24442_T/24642_T/26222_T/27769_T/28330_G,7142_G/9614_G/9693_T/9754_C/11288_---------/15451_A/16466_T/28910_T,3037_T/14408_T/21615_G/21846_T/22036_C/23403_G/23625_T,514_---/1255_G/3688_T/3884_T/6633_T/15026_T/21057_T/23638_T/25688_A/27389_T/28048_A/28854_T
EPI_ISL_1415626,cluster67_B.1.1.7,B.1.177.18,YYYYXXXXXXXXXXXXXXXXXX,21765_------/21991_---/23063_T/23271_A/23604_A/23709_T/24506_G/24914_C/27972_T/28048_T/28111_G/28280_C/28281_T/28282_A/28881_A/28882_A/28883_C/28977_T,445_C/6286_T/10323_G/21255_C,3037_T/14408_T/23403_G,2019_C/4999_T/8090_T/9430_T/13945_T/20410_A/23208_T/25855_T/28095_T
EPI_ISL_4518527,cluster31_AY.26,AY.3.3,XXXXXXXYYYYY,2911_G/5184_T/5584_G/9891_T/11418_C/11514_T/13019_T,21987_A/27874_T/28916_T/29050_A/29509_T,3037_T/14408_T/15451_A/16466_T/21618_G/22029_------/23403_G/23604_G/24410_A/25469_T/26767_C/27638_C/27752_T/28248_------/28461_G/28881_T/29402_T,3955_T/12097_G/22741_C
EPI_ISL_4367448,B.1.631,B.1.634,YYYYYYYXXXXXXXXY,22882_A/23604_A/23765_G/24442_T/24642_T/26222_T/27769_T/28330_G,7142_G/9614_G/9693_T/9754_C/11288_---------/15451_A/16466_T/28910_T,3037_T/14408_T/21615_G/21846_T/22036_C/23403_G/23625_T,3688_T/3884_T/6633_T/9211_T/19085_G/21057_T/25942_C/26130_C/27389_T/27892_G/28048_A/28854_T/29284_T
EPI_ISL_1411867,cluster67_B.1.1.7,B.1.177.18,YYYYXXXXXXXXXXXXXXXXXX,21765_------/21991_---/23063_T/23271_A/23604_A/23709_T/24506_G/24914_C/27972_T/28048_T/28111_G/28280_C/28281_T/28282_A/28881_A/28882_A/28883_C/28977_T,445_C/6286_T/10323_G/21255_C,3037_T/14408_T/23403_G,2019_C/4999_T/8090_T/9430_T/13945_T/20410_A/23208_T/25521_T/25855_T/28095_T
EPI_ISL_4367131,B.1.631,B.1.634,YYYYYYYXXXXXXXXY,22882_A/23604_A/23765_G/24442_T/24642_T/26222_T/27769_T/28330_G,7142_G/9614_G/9693_T/9754_C/11288_---------/15451_A/16466_T/28910_T,3037_T/14408_T/21615_G/21846_T/22036_C/23403_G/23625_T,1102_T/1255_G/1516_C/2961_G/3688_T/3884_T/6633_T/7011_T/10279_A/15026_T/20104_T/21057_T/23638_T/27389_T/27463_A/27521_G/28045_T/28048_A/28854_T
EPI_ISL_4367296,B.1.631,B.1.634,YYYYYYYXXXXXXXXY,22882_A/23604_A/23765_G/24442_T/24642_T/26222_T/27769_T/28330_G,7142_G/9614_G/9693_T/9754_C/11288_---------/15451_A/16466_T/28910_T,3037_T/14408_T/21615_G/21846_T/22036_C/23403_G/23625_T,1419_T/2407_T/3688_T/3884_T/5884_T/6633_T/8480_T/17403_T/20987_T/21057_T/25815_C/27389_T/28048_A/28854_T/29543_T
EPI_ISL_4518768,cluster31_AY.26,AY.3.3,XXXXXXXYYYY,2911_G/5184_T/5584_G/9891_T/11418_C/11514_T/13019_T,27874_T/28916_T/29050_A/29509_T,3037_T/14408_T/15451_A/16466_T/21618_G/22029_------/22917_G/22995_A/23403_G/23604_G/24410_A/25469_T/26767_C/27638_C/27752_T/28248_------/28461_G/28881_T/29402_T,12097_G/22639_T/22741_C/28456_A
EPI_ISL_431145,B.1.631,B.1.634,YYYYYYYXXXXXXXXY,22882_A/23604_A/23765_G/24442_T/24642_T/26222_T/27769_T/28330_G,7142_G/9614_G/9693_T/9754_C/11288_---------/15451_A/16466_T/28910_T,3037_T/14408_T/21615_G/21846_T/22036_C/23403_G/23625_T,517_C/3688_T/3884_T/6633_T/7393_T/8420_G/9442_T/11925_C/19164_T/20762_T/21057_T/23476_C/27389_T/27892_G/28048_A/28230_T/28854_T/29614_T
EPI_ISL_1467894,cluster67_B.1.1.7,B.1.177.18,YYYYXXXXXXXXXXXXXXXXXX,21765_------/21991_---/23063_T/23271_A/23604_A/23709_T/24506_G/24914_C/27972_T/28048_T/28111_G/28280_C/28281_T/28282_A/28881_A/28882_A/28883_C/28977_T,445_C/6286_T/10323_G/21255_C,3037_T/14408_T/23403_G,2019_C/4999_T/8090_T/9430_T/13945_T/20410_A/23208_T/25855_T/28095_T
EPI_ISL_4435226,cluster31_AY.26,AY.3.3,XXXXXXXYYYY,2911_G/5184_T/5584_G/9891_T/11418_C/11514_T/13019_T,27874_T/28916_T/29050_A/29509_T,3037_T/14408_T/15451_A/16466_T/21618_G/22029_------/22917_G/22995_A/23403_G/23604_G/24410_A/25469_T/26767_C/27638_C/27752_T/28248_------/28461_G/28881_T/29402_T,12097_G/22639_T/22741_C/25471_T/28456_A
EPI_ISL_4367150,B.1.631,B.1.634,YYYYYYYXXXXXXXXY,22882_A/23604_A/23765_G/24442_T/24642_T/26222_T/27769_T/28330_G,7142_G/9614_G/9693_T/9754_C/11288_---------/15451_A/16466_T/28910_T,3037_T/14408_T/21615_G/21846_T/22036_C/23403_G/23625_T,514_---/1419_T/3688_T/3884_T/5886_T/6633_T/6717_T/8480_T/15936_G/17403_T/17678_T/19858_T/20987_T/21057_T/25916_T/27389_T/28048_A/28854_T/29543_T
EPI_ISL_4540444,cluster31_AY.26,AY.3.3,XXXXXXXYYYY,2911_G/5184_T/5584_G/9891_T/11418_C/11514_T/13019_T,27874_T/28916_T/29050_A/29509_T,3037_T/14408_T/15451_A/16466_T/21618_G/22029_------/22917_G/22995_A/23403_G/23604_G/24410_A/25469_T/26767_C/27638_C/27752_T/28248_------/28461_G/28881_T/29402_T,12097_G/22741_C/28456_A
EPI_ISL_4455880,cluster31_AY.26,AY.3.3,XXXXXXXYYYYY,2911_G/5184_T/5584_G/9891_T/11418_C/11514_T/13019_T,21987_A/27874_T/28916_T/29050_A/29509_T,3037_T/14408_T/15451_A/16466_T/21618_G/22029_------/22917_G/22995_A/23403_G/23604_G/24410_A/25469_T/26767_C/27638_C/27752_T/28248_------/28461_G/28881_T/29402_T,6841_T/12097_G/22741_C
EPI_ISL_1411987,cluster67_B.1.1.7,B.1.177.18,YYYYXXXXXXXXXXXXXXXXXX,21765_------/21991_---/23063_T/23271_A/23604_A/23709_T/24506_G/24914_C/27972_T/28048_T/28111_G/28280_C/28281_T/28282_A/28881_A/28882_A/28883_C/28977_T,445_C/6286_T/10323_G/21255_C,3037_T/14408_T/23403_G,2019_C/4999_T/8090_T/9430_T/13945_T/16260_T/20410_A/23208_T/25521_T/25855_T/28095_T
EPI_ISL_431152,B.1.631,B.1.634,YYYYYYYXXXXXXXXY,22882_A/23604_A/23765_G/24442_T/24642_T/26222_T/27769_T/28330_G,7142_G/9614_G/9693_T/9754_C/11288_---------/15451_A/16466_T/28910_T,3037_T/14408_T/21615_G/21846_T/22036_C/23403_G/23625_T,518_T/1190_T/3688_T/3884_T/6633_T/6717_T/8480_T/14246_G/14452_A/15237_T/16269_A/20987_T/21057_T/26270_T/27389_T/28048_A/28854_T/29543_T
EPI_ISL_4367323,B.1.631,B.1.634,YYYYYYYXXXXXXXXY,22882_A/23604_A/23765_G/24442_T/24642_T/26222_T/27769_T/28330_G,7142_G/9614_G/9693_T/9754_C/11288_---------/15451_A/16466_T/28910_T,3037_T/14408_T/21615_G/21846_T/22036_C/23403_G/23625_T,518_T/1190_T/3688_T/3884_T/6633_T/6717_T/8480_T/14246_G/14452_A/15237_T/16269_A/20987_T/21057_T/23254_G/26270_T/27389_T/28048_A/28854_T/29543_T
EPI_ISL_4540548,cluster31_AY.26,AY.3.3,XXXXXXXYYYY,2911_G/5184_T/5584_G/9891_T/11418_C/11514_T/13019_T,27874_T/28916_T/29050_A/29509_T,3037_T/14408_T/15451_A/16466_T/21618_G/22029_------/22917_G/22995_A/23403_G/23604_G/25469_T/26767_C/27638_C/27752_T/28248_------/28461_G/28881_T/29402_T,5000_T/12097_G/14218_A/22741_C/28456_A
EPI_ISL_4367169,B.1.631,B.1.634,YYYYYYYXXXXXXXXY,22882_A/23604_A/23765_G/24442_T/24642_T/26222_T/27769_T/28330_G,7142_G/9614_G/9693_T/9754_C/11288_---------/15451_A/16466_T/28910_T,3037_T/14408_T/21615_G/21846_T/22036_C/23403_G/23625_T,1255_G/3688_T/3884_T/6633_T/15026_T/21057_T/23638_T/27389_T/28048_A/28854_T
EPI_ISL_1415652,cluster67_B.1.1.7,B.1.177.18,YYYYXXXXXXXXXXXXXXXXXX,21765_------/21991_---/23063_T/23271_A/23604_A/23709_T/24506_G/24914_C/27972_T/28048_T/28111_G/28280_C/28281_T/28282_A/28881_A/28882_A/28883_C/28977_T,445_C/6286_T/10323_G/21255_C,3037_T/14408_T/23403_G,2019_C/4999_T/8090_T/9430_T/13945_T/20410_A/23208_T/25855_T/28095_T
EPI_ISL_4455892,cluster31_AY.26,AY.3.3,XXXXXXXYYYYY,2911_G/5184_T/5584_G/9891_T/11418_C/11514_T/13019_T,21987_A/27874_T/28916_T/29050_A/29509_T,3037_T/14408_T/15451_A/16466_T/21618_G/22029_------/22917_G/22995_A/23403_G/23604_G/24410_A/25469_T/26767_C/27638_C/27752_T/28248_------/28461_G/28881_T/29402_T,514_---/6841_T/12097_G/16092_T/22741_C
EPI_ISL_4554106,cluster31_AY.26,AY.3.3,XXXXXXXYYYY,2911_G/5184_T/5584_G/9891_T/11418_C/11514_T/13019_T,27874_T/28916_T/29050_A/29509_T,3037_T/14408_T/15451_A/16466_T/21618_G/22029_------/22917_G/22995_A/23403_G/23604_G/24410_A/25469_T/26767_C/27638_C/27752_T/28248_------/28461_G/28881_T/29402_T,12097_G/22741_C/24068_A/28456_A/29119_T
EPI_ISL_4367324,B.1.631,B.1.634,YYYYYYYXXXXXXXXY,22882_A/23604_A/23765_G/24442_T/24642_T/26222_T/27769_T/28330_G,7142_G/9614_G/9693_T/9754_C/11288_---------/15451_A/16466_T/28910_T,3037_T/14408_T/21615_G/21846_T/22036_C/23403_G/23625_T,1255_G/1938_T/3688_T/3884_T/6028_G/6633_T/15026_T/20611_T/21057_T/23638_T/27389_T/28048_A/28854_T
EPI_ISL_4367191,B.1.631,B.1.634,YYYYYYYXXXXXXXXY,22882_A/23604_A/23765_G/24442_T/24642_T/26222_T/27769_T/28330_G,7142_G/9614_G/9693_T/9754_C/11288_---------/15451_A/16466_T/28910_T,3037_T/14408_T/21615_G/21846_T/22036_C/23403_G/23625_T,2536_T/3688_T/3884_T/6633_T/19085_G/21057_T/25942_C/27389_T/27892_G/27896_T/28048_A/28854_T
EPI_ISL_4455953,cluster31_AY.26,AY.3.3,XXXXXXXYYYYY,2911_G/5184_T/5584_G/9891_T/11418_C/11514_T/13019_T,21987_A/27874_T/28916_T/29050_A/29509_T,3037_T/14408_T/15451_A/16466_T/21618_G/22029_------/22917_G/22995_A/23403_G/23604_G/24410_A/25469_T/26767_C/27638_C/27752_T/28248_------/28461_G/28881_T/29402_T,6841_T/12097_G/16092_T/22741_C
EPI_ISL_1473947,cluster67_B.1.1.7,B.1.177.18,YYYYXXXXXXXXXXXXXXXXXX,21765_------/21991_---/23063_T/23271_A/23604_A/23709_T/24506_G/24914_C/27972_T/28048_T/28111_G/28280_C/28281_T/28282_A/28881_A/28882_A/28883_C/28977_T,445_C/6286_T/10323_G/21255_C,3037_T/14408_T/23403_G,2019_C/4999_T/8090_T/9430_T/13945_T/16260_T/20410_A/23208_T/25521_T/25855_T/28095_T
EPI_ISL_431153,B.1.631,B.1.634,YYYYYYYXXXXXXXXY,22882_A/23604_A/23765_G/24442_T/24642_T/26222_T/27769_T/28330_G,7142_G/9614_G/9693_T/9754_C/11288_---------/15451_A/16466_T/28910_T,3037_T/14408_T/21615_G/21846_T/22036_C/23403_G/23625_T,518_T/1190_T/3688_T/3884_T/6633_T/6717_T/8480_T/14246_G/14452_A/15237_T/16269_A/20987_T/21057_T/26270_T/27389_T/28048_A/28854_T/29543_T
EPI_ISL_1412491,cluster67_B.1.1.7,B.1.177.18,YYYYXXXXXXXXXXXXXXXXXX,21765_------/21991_---/23063_T/23271_A/23604_A/23709_T/24506_G/24914_C/27972_T/28048_T/28111_G/28280_C/28281_T/28282_A/28881_A/28882_A/28883_C/28977_T,445_C/6286_T/10323_G/21255_C,3037_T/14408_T/23403_G,2019_C/4999_T/6522_A/8090_T/9430_T/13945_T/20410_A/23208_T/25855_T/28095_T
EPI_ISL_4567404,cluster31_AY.26,AY.3.3,XXXXXXXYYYYY,2911_G/5184_T/5584_G/9891_T/11418_C/11514_T/13019_T,21987_A/27874_T/28916_T/29050_A/29509_T,3037_T/14408_T/15451_A/16466_T/21618_G/22029_------/22917_G/22995_A/23403_G/23604_G/24410_A/25469_T/26767_C/27638_C/27752_T/28248_------/28461_G/28881_T/29402_T,4644_G/12097_G/21159_A/22741_C/23557_T
EPI_ISL_4367328,B.1.631,B.1.634,YYYYYYYXXXXXXXXY,22882_A/23604_A/23765_G/24442_T/24642_T/26222_T/27769_T/28330_G,7142_G/9614_G/9693_T/9754_C/11288_---------/15451_A/16466_T/28910_T,3037_T/14408_T/21615_G/21846_T/22036_C/23403_G/23625_T,514_---/1419_T/1471_T/2590_C/3688_T/3884_T/4879_C/6633_T/6717_T/8480_T/20145_A/20987_T/21057_T/21632_C/23012_C/26319_G/27389_T/28048_A/28603_T/28698_T/28854_T/28936_T/29543_T
EPI_ISL_4367222,B.1.631,B.1.634,YYYYYYYXXXXXXXXY,22882_A/23604_A/23765_G/24442_T/24642_T/26222_T/27769_T/28330_G,7142_G/9614_G/9693_T/9754_C/11288_---------/15451_A/16466_T/28910_T,3037_T/14408_T/21615_G/21846_T/22036_C/23403_G/23625_T,1419_T/3688_T/3884_T/6633_T/6717_T/8480_T/15936_G/17403_T/20987_T/21057_T/27389_T/28048_A/28854_T/29543_T
EPI_ISL_1416036,cluster67_B.1.1.7,B.1.177.18,YYYYXXXXXXXXXXXXXXXXXX,21765_------/21991_---/23063_T/23271_A/23604_A/23709_T/24506_G/24914_C/27972_T/28048_T/28111_G/28280_C/28281_T/28282_A/28881_A/28882_A/28883_C/28977_T,445_C/6286_T/10323_G/21255_C,3037_T/14408_T/23403_G,2019_C/4999_T/8090_T/9430_T/13945_T/20410_A/23208_T/25855_T/28095_T
EPI_ISL_4367359,B.1.631,B.1.634,YYYYYYYXXXXXXXXY,22882_A/23604_A/23765_G/24442_T/24642_T/26222_T/27769_T/28330_G,7142_G/9614_G/9693_T/9754_C/11288_---------/15451_A/16466_T/28910_T,3037_T/14408_T/21615_G/21846_T/22036_C/23403_G/23625_T,1419_T/3688_T/3884_T/6633_T/6717_T/8480_T/17403_T/20987_T/21057_T/25815_C/27389_T/28048_A/28854_T/29543_T
EPI_ISL_1474119,cluster67_B.1.1.7,B.1.177.18,YYYYXXXXXXXXXXXXXXXXXX,21765_------/21991_---/23063_T/23271_A/23604_A/23709_T/24506_G/24914_C/27972_T/28048_T/28111_G/28280_C/28281_T/28282_A/28881_A/28882_A/28883_C/28977_T,445_C/6286_T/10323_G/21255_C,3037_T/14408_T/23403_G,2019_C/4999_T/8090_T/9430_T/13945_T/16260_T/20410_A/23208_T/25521_T/25855_T/28095_T
EPI_ISL_1414283,cluster67_B.1.1.7,B.1.177.18,YYYYXXXXXXXXXXXXXXXXXX,21765_------/21991_---/23063_T/23271_A/23604_A/23709_T/24506_G/24914_C/27972_T/28048_T/28111_G/28280_C/28281_T/28282_A/28881_A/28882_A/28883_C/28977_T,445_C/6286_T/10323_G/21255_C,3037_T/14408_T/23403_G,2019_C/4999_T/8090_T/9430_T/13945_T/17218_T/20410_A/23208_T/25855_T/28095_T
EPI_ISL_4367367,B.1.631,B.1.634,YYYYYYYXXXXXXXXY,22882_A/23604_A/23765_G/24442_T/24642_T/26222_T/27769_T/28330_G,7142_G/9614_G/9693_T/9754_C/11288_---------/15451_A/16466_T/28910_T,3037_T/14408_T/21615_G/21846_T/22036_C/23403_G/23625_T,1281_T/3688_T/3884_T/6633_T/19085_G/21057_T/25942_C/27389_T/27892_G/28048_A/28854_T
EPI_ISL_4367372,B.1.631,B.1.634,YYYYYYYXXXXXXXXY,22882_A/23604_A/23765_G/24442_T/24642_T/26222_T/27769_T/28330_G,7142_G/9614_G/9693_T/9754_C/11288_---------/15451_A/16466_T/28910_T,3037_T/14408_T/21615_G/21846_T/22036_C/23403_G/23625_T,1190_T/3688_T/3884_T/6633_T/6717_T/8480_T/14452_A/15237_T/20987_T/21057_T/27389_T/28048_A/28854_T/29543_T
EPI_ISL_1484686,cluster67_B.1.1.7,B.1.177.18,YYYYXXXXXXXXXXXXXXXXXX,21765_------/21991_---/23063_T/23271_A/23604_A/23709_T/24506_G/24914_C/27972_T/28048_T/28111_G/28280_C/28281_T/28282_A/28881_A/28882_A/28883_C/28977_T,445_C/6286_T/10323_G/21255_C,3037_T/14408_T/23403_G,2019_C/4999_T/8090_T/9430_T/13945_T/16260_T/20410_A/23208_T/25521_T/25855_T/28095_T
EPI_ISL_1414409,cluster67_B.1.1.7,B.1.177.18,YYYYXXXXXXXXXXXXXXXXXX,21765_------/21991_---/23063_T/23271_A/23604_A/23709_T/24506_G/24914_C/27972_T/28048_T/28111_G/28280_C/28281_T/28282_A/28881_A/28882_A/28883_C/28977_T,445_C/6286_T/10323_G/21255_C,3037_T/14408_T/23403_G,2019_C/4999_T/8090_T/9430_T/13945_T/20410_A/23208_T/25855_T/28095_T/28232_T
EPI_ISL_1449111,cluster67_B.1.1.7,B.1.177.18,YYYYXXXXXXXXXXXXXXXXXX,21765_------/21991_---/23063_T/23271_A/23604_A/23709_T/24506_G/24914_C/27972_T/28048_T/28111_G/28280_C/28281_T/28282_A/28881_A/28882_A/28883_C/28977_T,445_C/6286_T/10323_G/21255_C,3037_T/14408_T/23403_G,2019_C/4999_T/8090_T/9430_T/13945_T/16260_T/20410_A/23208_T/25521_T/25855_T/28095_T
EPI_ISL_1485330,cluster67_B.1.1.7,B.1.177.18,YYYYXXXXXXXXXXXXXXXXXX,21765_------/21991_---/23063_T/23271_A/23604_A/23709_T/24506_G/24914_C/27972_T/28048_T/28111_G/28280_C/28281_T/28282_A/28881_A/28882_A/28883_C/28977_T,445_C/6286_T/10323_G/21255_C,3037_T/14408_T/23403_G,2019_C/4999_T/8090_T/9430_T/13945_T/20410_A/23208_T/25855_T/28095_T
EPI_ISL_1414442,cluster67_B.1.1.7,B.1.177.18,YYYYXXXXXXXXXXXXXXXXXX,21765_------/21991_---/23063_T/23271_A/23604_A/23709_T/24506_G/24914_C/27972_T/28048_T/28111_G/28280_C/28281_T/28282_A/28881_A/28882_A/28883_C/28977_T,445_C/6286_T/10323_G/21255_C,3037_T/14408_T/23403_G,2019_C/4999_T/8090_T/9430_T/13945_T/20410_A/23208_T/25855_T/28095_T
EPI_ISL_1449569,cluster67_B.1.1.7,B.1.177.18,YYYYXXXXXXXXXXXXXXXXXX,21765_------/21991_---/23063_T/23271_A/23604_A/23709_T/24506_G/24914_C/27972_T/28048_T/28111_G/28280_C/28281_T/28282_A/28881_A/28882_A/28883_C/28977_T,445_C/6286_T/10323_G/21255_C,3037_T/14408_T/23403_G,2019_C/4999_T/8090_T/9430_T/13945_T/20410_A/23208_T/25855_T/28095_T
EPI_ISL_1485917,cluster67_B.1.1.7,B.1.177.18,YYYYXXXXXXXXXXXXXXXXXX,21765_------/21991_---/23063_T/23271_A/23604_A/23709_T/24506_G/24914_C/27972_T/28048_T/28111_G/28280_C/28281_T/28282_A/28881_A/28882_A/28883_C/28977_T,445_C/6286_T/10323_G/21255_C,3037_T/14408_T/23403_G,2019_C/4999_T/8090_T/9430_T/13945_T/16260_T/20410_A/23208_T/25521_T/25855_T/28095_T
EPI_ISL_1414542,cluster67_B.1.1.7,B.1.177.18,YYYYXXXXXXXXXXXXXXXXXX,21765_------/21991_---/23063_T/23271_A/23604_A/23709_T/24506_G/24914_C/27972_T/28048_T/28111_G/28280_C/28281_T/28282_A/28881_A/28882_A/28883_C/28977_T,445_C/6286_T/10323_G/21255_C,3037_T/14408_T/23403_G,2019_C/4999_T/8090_T/9430_T/13945_T/20410_A/23208_T/25855_T/28095_T
EPI_ISL_1451730,cluster67_B.1.1.7,B.1.177.18,YYYYXXXXXXXXXXXXXXXXXX,21765_------/21991_---/23063_T/23271_A/23604_A/23709_T/24506_G/24914_C/27972_T/28048_T/28111_G/28280_C/28281_T/28282_A/28881_A/28882_A/28883_C/28977_T,445_C/6286_T/10323_G/21255_C,3037_T/14408_T/23403_G,2019_C/4999_T/8090_T/9430_T/13945_T/16260_T/20410_A/23208_T/25521_T/25855_T/28095_T
EPI_ISL_4890864,cluster31_AY.26,AY.3.3,XXXXXXXYYYY,2911_G/5184_T/5584_G/9891_T/11418_C/11514_T/13019_T,27874_T/28916_T/29050_A/29509_T,3037_T/14408_T/15451_A/16466_T/21618_G/22029_------/22917_G/22995_A/23403_G/23604_G/24410_A/25469_T/26767_C/27638_C/27752_T/28248_------/28461_G/28881_T/29402_T,12097_G/12525_T/12540_T/22741_C/28456_A
EPI_ISL_4911983,cluster31_AY.26,AY.3.3,XXXXXXXYYYY,2911_G/5184_T/5584_G/9891_T/11418_C/11514_T/13019_T,27874_T/28916_T/29050_A/29509_T,3037_T/14408_T/15451_A/16466_T/21618_G/22029_------/22917_G/22995_A/23403_G/23604_G/24410_A/25469_T/26767_C/27638_C/27752_T/28248_------/28461_G/28881_T/29402_T,12097_G/22741_C/28456_A
EPI_ISL_1487981,cluster67_B.1.1.7,B.1.177.18,YYYYXXXXXXXXXXXXXXXXXX,21765_------/21991_---/23063_T/23271_A/23604_A/23709_T/24506_G/24914_C/27972_T/28048_T/28111_G/28280_C/28281_T/28282_A/28881_A/28882_A/28883_C/28977_T,445_C/6286_T/10323_G/21255_C,3037_T/14408_T/23403_G,2019_C/4999_T/8090_T/9430_T/13945_T/16260_T/20410_A/23208_T/25521_T/25855_T/28095_T
EPI_ISL_1414637,cluster67_B.1.1.7,B.1.177.18,YYYYXXXXXXXXXXXXXXXXXX,21765_------/21991_---/23063_T/23271_A/23604_A/23709_T/24506_G/24914_C/27972_T/28048_T/28111_G/28280_C/28281_T/28282_A/28881_A/28882_A/28883_C/28977_T,445_C/6286_T/10323_G/21255_C,3037_T/14408_T/23403_G,2019_C/4999_T/8090_T/9430_T/13945_T/20410_A/23208_T/25855_T/28095_T
EPI_ISL_4944852,cluster31_AY.26,AY.3.3,XXXXXXXYYYY,2911_G/5184_T/5584_G/9891_T/11418_C/11514_T/13019_T,27874_T/28916_T/29050_A/29509_T,3037_T/14408_T/15451_A/16466_T/21618_G/22029_------/22917_G/22995_A/23403_G/23604_G/24410_A/25469_T/26767_C/27638_C/27752_T/28248_------/28461_G/28881_T/29402_T,12097_G/22639_T/22741_C/28456_A
EPI_ISL_1451960,cluster67_B.1.1.7,B.1.177.18,YYYYXXXXXXXXXXXXXXXXXX,21765_------/21991_---/23063_T/23271_A/23604_A/23709_T/24506_G/24914_C/27972_T/28048_T/28111_G/28280_C/28281_T/28282_A/28881_A/28882_A/28883_C/28977_T,445_C/6286_T/10323_G/21255_C,3037_T/14408_T/23403_G,2019_C/4999_T/8090_T/9430_T/13945_T/16260_T/20410_A/23208_T/25521_T/25855_T/28095_T
EPI_ISL_1488865,cluster67_B.1.1.7,B.1.177.18,YYYYXXXXXXXXXXXXXXXXXX,21765_------/21991_---/23063_T/23271_A/23604_A/23709_T/24506_G/24914_C/27972_T/28048_T/28111_G/28280_C/28281_T/28282_A/28881_A/28882_A/28883_C/28977_T,445_C/6286_T/10323_G/21255_C,3037_T/14408_T/23403_G,2019_C/4999_T/8090_T/9430_T/13945_T/16260_T/20410_A/23208_T/25521_T/25855_T/28095_T
EPI_ISL_1453017,cluster67_B.1.1.7,B.1.177.18,YYYYXXXXXXXXXXXXXXXXXX,21765_------/21991_---/23063_T/23271_A/23604_A/23709_T/24506_G/24914_C/27972_T/28048_T/28111_G/28280_C/28281_T/28282_A/28881_A/28882_A/28883_C/28977_T,445_C/6286_T/10323_G/21255_C,3037_T/14408_T/23403_G,2019_C/4999_T/8090_T/9430_T/13945_T/16260_T/20410_A/23208_T/25521_T/25855_T/28095_T
EPI_ISL_4367087,B.1.631,B.1.634,YYYYYYYXXXXXXXXY,22882_A/23604_A/23765_G/24442_T/24642_T/26222_T/27769_T/28330_G,7142_G/9614_G/9693_T/9754_C/11288_---------/15451_A/16466_T/28910_T,3037_T/14408_T/21615_G/21846_T/22036_C/23403_G/23625_T,1190_T/3688_T/3884_T/6633_T/6717_T/8480_T/14452_A/15237_T/20987_T/21057_T/27389_T/28048_A/28854_T/29449_T/29543_T
EPI_ISL_1453063,cluster67_B.1.1.7,B.1.177.18,YYYYXXXXXXXXXXXXXXXXXX,21765_------/21991_---/23063_T/23271_A/23604_A/23709_T/24506_G/24914_C/27972_T/28048_T/28111_G/28280_C/28281_T/28282_A/28881_A/28882_A/28883_C/28977_T,445_C/6286_T/10323_G/21255_C,3037_T/14408_T/23403_G,2019_C/4999_T/8090_T/9430_T/13945_T/20410_A/23208_T/25855_T/28095_T
sample_id,lineage_X,lineage_Y,mutation_pattern,X_mutations,Y_mutations,shared_mutations,denovo_mutations
EPI_ISL_4518527,cluster31_AY.26,AY.3.3,XXXXXXXYYYYY,2911_G/5184_T/5584_G/9891_T/11418_C/11514_T/13019_T,21987_A/27874_T/28916_T/29050_A/29509_T,3037_T/14408_T/15451_A/16466_T/21618_G/22029_------/23403_G/23604_G/24410_A/25469_T/26767_C/27638_C/27752_T/28248_------/28461_G/28881_T/29402_T,3955_T/12097_G/22741_C
EPI_ISL_431112,B.1.631,B.1.634,YYYYYYYXXXXXXXY,23604_A/23765_G/24442_T/24642_T/26222_T/27769_T/28330_G,7142_G/9614_G/9693_T/9754_C/11288_---------/15451_A/16466_T/28910_T,3037_T/14408_T/21615_G/21846_T/22036_C/23403_G/23625_T,1419_T/1471_T/3688_T/3884_T/6633_T/6717_T/8480_T/12880_T/18744_T/20540_C/20542_G/20987_T/21057_T/21632_C/23236_T/26319_G/27389_T/28048_A/28854_T/28936_T/29543_T
EPI_ISL_4518768,cluster31_AY.26,AY.3.3,XXXXXXXYYYY,2911_G/5184_T/5584_G/9891_T/11418_C/11514_T/13019_T,27874_T/28916_T/29050_A/29509_T,3037_T/14408_T/15451_A/16466_T/21618_G/22029_------/22917_G/22995_A/23403_G/23604_G/24410_A/25469_T/26767_C/27638_C/27752_T/28248_------/28461_G/28881_T/29402_T,12097_G/22639_T/22741_C/28456_A
EPI_ISL_431113,B.1.631,B.1.634,YYYYYYYXXXXXXXY,22882_A/23604_A/23765_G/24442_T/26222_T/27769_T/28330_G,7142_G/9614_G/9693_T/9754_C/11288_---------/15451_A/16466_T/28910_T,3037_T/14408_T/21615_G/21846_T/22036_C/23403_G/23625_T,3688_T/3884_T/5812_T/6633_T/16329_T/21057_T/27389_T/27892_G/28048_A/28854_T
EPI_ISL_4540444,cluster31_AY.26,AY.3.3,XXXXXXXYYYY,2911_G/5184_T/5584_G/9891_T/11418_C/11514_T/13019_T,27874_T/28916_T/29050_A/29509_T,3037_T/14408_T/15451_A/16466_T/21618_G/22029_------/22917_G/22995_A/23403_G/23604_G/24410_A/25469_T/26767_C/27638_C/27752_T/28248_------/28461_G/28881_T/29402_T,12097_G/22741_C/28456_A
EPI_ISL_431120,B.1.631,B.1.634,YYYYYYYXXXXXXXY,23604_A/23765_G/24442_T/24642_T/26222_T/27769_T/28330_G,7142_G/9614_G/9693_T/9754_C/11288_---------/15451_A/16466_T/28910_T,3037_T/14408_T/21615_G/21846_T/22036_C/23403_G/23625_T,1419_T/3688_T/3884_T/6717_T/7981_G/8480_T/17403_T/20987_T/21057_T/27389_T/28048_A/28854_T/29543_T
EPI_ISL_4540548,cluster31_AY.26,AY.3.3,XXXXXXXYYYY,2911_G/5184_T/5584_G/9891_T/11418_C/11514_T/13019_T,27874_T/28916_T/29050_A/29509_T,3037_T/14408_T/15451_A/16466_T/21618_G/22029_------/22917_G/22995_A/23403_G/23604_G/25469_T/26767_C/27638_C/27752_T/28248_------/28461_G/28881_T/29402_T,5000_T/12097_G/14218_A/22741_C/28456_A
EPI_ISL_431121,B.1.631,B.1.634,YYYYYYYXXXXXXXY,23604_A/23765_G/24442_T/24642_T/26222_T/27769_T/28330_G,7142_G/9614_G/9693_T/9754_C/11288_---------/15451_A/16466_T/28910_T,3037_T/14408_T/21615_G/21846_T/22036_C/23403_G/23625_T,3688_T/3884_T/4513_A/6633_T/9206_G/19085_G/21057_T/25942_C/27389_T/27572_T/27892_G/28048_A/28854_T
EPI_ISL_4554106,cluster31_AY.26,AY.3.3,XXXXXXXYYYY,2911_G/5184_T/5584_G/9891_T/11418_C/11514_T/13019_T,27874_T/28916_T/29050_A/29509_T,3037_T/14408_T/15451_A/16466_T/21618_G/22029_------/22917_G/22995_A/23403_G/23604_G/24410_A/25469_T/26767_C/27638_C/27752_T/28248_------/28461_G/28881_T/29402_T,12097_G/22741_C/24068_A/28456_A/29119_T
EPI_ISL_431122,B.1.631,B.1.634,YYYYYYYXXXXXXXY,23604_A/23765_G/24442_T/24642_T/26222_T/27769_T/28330_G,7142_G/9614_G/9693_T/9754_C/11288_---------/15451_A/16466_T/28910_T,3037_T/14408_T/21615_G/21846_T/22036_C/23403_G/23625_T,1419_T/3688_T/3884_T/6633_T/6717_T/8480_T/17403_T/18429_C/20987_T/21057_T/27389_T/28048_A/28854_T/29466_T/29543_T
EPI_ISL_4567404,cluster31_AY.26,AY.3.3,XXXXXXXYYYYY,2911_G/5184_T/5584_G/9891_T/11418_C/11514_T/13019_T,21987_A/27874_T/28916_T/29050_A/29509_T,3037_T/14408_T/15451_A/16466_T/21618_G/22029_------/22917_G/22995_A/23403_G/23604_G/24410_A/25469_T/26767_C/27638_C/27752_T/28248_------/28461_G/28881_T/29402_T,4644_G/12097_G/21159_A/22741_C/23557_T
EPI_ISL_4567773,cluster31_AY.26,AY.3.3,XXXXXXXYYYYY,2911_G/5184_T/5584_G/9891_T/11418_C/11514_T/13019_T,21987_A/27874_T/28916_T/29050_A/29509_T,3037_T/14408_T/15451_A/16466_T/21618_G/22029_------/22917_G/22995_A/23403_G/23604_G/24410_A/25469_T/26767_C/27638_C/27752_T/28248_------/28461_G/28881_T/29402_T,6841_T/12097_G/22741_C/26004_T
EPI_ISL_431145,B.1.631,B.1.634,YYYYYYYXXXXXXXXY,22882_A/23604_A/23765_G/24442_T/24642_T/26222_T/27769_T/28330_G,7142_G/9614_G/9693_T/9754_C/11288_---------/15451_A/16466_T/28910_T,3037_T/14408_T/21615_G/21846_T/22036_C/23403_G/23625_T,517_C/3688_T/3884_T/6633_T/7393_T/8420_G/9442_T/11925_C/19164_T/20762_T/21057_T/23476_C/27389_T/27892_G/28048_A/28230_T/28854_T/29614_T
EPI_ISL_431152,B.1.631,B.1.634,YYYYYYYXXXXXXXXY,22882_A/23604_A/23765_G/24442_T/24642_T/26222_T/27769_T/28330_G,7142_G/9614_G/9693_T/9754_C/11288_---------/15451_A/16466_T/28910_T,3037_T/14408_T/21615_G/21846_T/22036_C/23403_G/23625_T,518_T/1190_T/3688_T/3884_T/6633_T/6717_T/8480_T/14246_G/14452_A/15237_T/16269_A/20987_T/21057_T/26270_T/27389_T/28048_A/28854_T/29543_T
EPI_ISL_431153,B.1.631,B.1.634,YYYYYYYXXXXXXXXY,22882_A/23604_A/23765_G/24442_T/24642_T/26222_T/27769_T/28330_G,7142_G/9614_G/9693_T/9754_C/11288_---------/15451_A/16466_T/28910_T,3037_T/14408_T/21615_G/21846_T/22036_C/23403_G/23625_T,518_T/1190_T/3688_T/3884_T/6633_T/6717_T/8480_T/14246_G/14452_A/15237_T/16269_A/20987_T/21057_T/26270_T/27389_T/28048_A/28854_T/29543_T
EPI_ISL_1410456,cluster67_B.1.1.7,B.1.177.18,YYYYXXXXXXXXXXXXXXXXXX,21765_------/21991_---/23063_T/23271_A/23604_A/23709_T/24506_G/24914_C/27972_T/28048_T/28111_G/28280_C/28281_T/28282_A/28881_A/28882_A/28883_C/28977_T,445_C/6286_T/10323_G/21255_C,3037_T/14408_T/23403_G,2019_C/4999_T/8090_T/9430_T/13945_T/20410_A/23208_T/25855_T/28095_T
EPI_ISL_1410971,cluster67_B.1.1.7,B.1.177.18,YYYYXXXXXXXXXXXXXXXXXX,21765_------/21991_---/23063_T/23271_A/23604_A/23709_T/24506_G/24914_C/27972_T/28048_T/28111_G/28280_C/28281_T/28282_A/28881_A/28882_A/28883_C/28977_T,445_C/6286_T/10323_G/21255_C,3037_T/14408_T/23403_G,2019_C/4999_T/8090_T/9430_T/13945_T/20410_A/23208_T/25855_T/28095_T
EPI_ISL_1411015,cluster67_B.1.1.7,B.1.177.18,YYYYXXXXXXXXXXXXXXXXXX,21765_------/21991_---/23063_T/23271_A/23604_A/23709_T/24506_G/24914_C/27972_T/28048_T/28111_G/28280_C/28281_T/28282_A/28881_A/28882_A/28883_C/28977_T,445_C/6286_T/10323_G/21255_C,3037_T/14408_T/23403_G,1457_T/2019_C/4999_T/8090_T/9430_T/13945_T/20410_A/23208_T/25855_T/28095_T
EPI_ISL_1411867,cluster67_B.1.1.7,B.1.177.18,YYYYXXXXXXXXXXXXXXXXXX,21765_------/21991_---/23063_T/23271_A/23604_A/23709_T/24506_G/24914_C/27972_T/28048_T/28111_G/28280_C/28281_T/28282_A/28881_A/28882_A/28883_C/28977_T,445_C/6286_T/10323_G/21255_C,3037_T/14408_T/23403_G,2019_C/4999_T/8090_T/9430_T/13945_T/20410_A/23208_T/25521_T/25855_T/28095_T
EPI_ISL_1411987,cluster67_B.1.1.7,B.1.177.18,YYYYXXXXXXXXXXXXXXXXXX,21765_------/21991_---/23063_T/23271_A/23604_A/23709_T/24506_G/24914_C/27972_T/28048_T/28111_G/28280_C/28281_T/28282_A/28881_A/28882_A/28883_C/28977_T,445_C/6286_T/10323_G/21255_C,3037_T/14408_T/23403_G,2019_C/4999_T/8090_T/9430_T/13945_T/16260_T/20410_A/23208_T/25521_T/25855_T/28095_T
EPI_ISL_1412491,cluster67_B.1.1.7,B.1.177.18,YYYYXXXXXXXXXXXXXXXXXX,21765_------/21991_---/23063_T/23271_A/23604_A/23709_T/24506_G/24914_C/27972_T/28048_T/28111_G/28280_C/28281_T/28282_A/28881_A/28882_A/28883_C/28977_T,445_C/6286_T/10323_G/21255_C,3037_T/14408_T/23403_G,2019_C/4999_T/6522_A/8090_T/9430_T/13945_T/20410_A/23208_T/25855_T/28095_T
EPI_ISL_1414283,cluster67_B.1.1.7,B.1.177.18,YYYYXXXXXXXXXXXXXXXXXX,21765_------/21991_---/23063_T/23271_A/23604_A/23709_T/24506_G/24914_C/27972_T/28048_T/28111_G/28280_C/28281_T/28282_A/28881_A/28882_A/28883_C/28977_T,445_C/6286_T/10323_G/21255_C,3037_T/14408_T/23403_G,2019_C/4999_T/8090_T/9430_T/13945_T/17218_T/20410_A/23208_T/25855_T/28095_T
EPI_ISL_1414409,cluster67_B.1.1.7,B.1.177.18,YYYYXXXXXXXXXXXXXXXXXX,21765_------/21991_---/23063_T/23271_A/23604_A/23709_T/24506_G/24914_C/27972_T/28048_T/28111_G/28280_C/28281_T/28282_A/28881_A/28882_A/28883_C/28977_T,445_C/6286_T/10323_G/21255_C,3037_T/14408_T/23403_G,2019_C/4999_T/8090_T/9430_T/13945_T/20410_A/23208_T/25855_T/28095_T/28232_T
EPI_ISL_1414442,cluster67_B.1.1.7,B.1.177.18,YYYYXXXXXXXXXXXXXXXXXX,21765_------/21991_---/23063_T/23271_A/23604_A/23709_T/24506_G/24914_C/27972_T/28048_T/28111_G/28280_C/28281_T/28282_A/28881_A/28882_A/28883_C/28977_T,445_C/6286_T/10323_G/21255_C,3037_T/14408_T/23403_G,2019_C/4999_T/8090_T/9430_T/13945_T/20410_A/23208_T/25855_T/28095_T
EPI_ISL_1414542,cluster67_B.1.1.7,B.1.177.18,YYYYXXXXXXXXXXXXXXXXXX,21765_------/21991_---/23063_T/23271_A/23604_A/23709_T/24506_G/24914_C/27972_T/28048_T/28111_G/28280_C/28281_T/28282_A/28881_A/28882_A/28883_C/28977_T,445_C/6286_T/10323_G/21255_C,3037_T/14408_T/23403_G,2019_C/4999_T/8090_T/9430_T/13945_T/20410_A/23208_T/25855_T/28095_T
EPI_ISL_1414637,cluster67_B.1.1.7,B.1.177.18,YYYYXXXXXXXXXXXXXXXXXX,21765_------/21991_---/23063_T/23271_A/23604_A/23709_T/24506_G/24914_C/27972_T/28048_T/28111_G/28280_C/28281_T/28282_A/28881_A/28882_A/28883_C/28977_T,445_C/6286_T/10323_G/21255_C,3037_T/14408_T/23403_G,2019_C/4999_T/8090_T/9430_T/13945_T/20410_A/23208_T/25855_T/28095_T
EPI_ISL_1414870,cluster67_B.1.1.7,B.1.177.18,YYYYXXXXXXXXXXXXXXXXXX,21765_------/21991_---/23063_T/23271_A/23604_A/23709_T/24506_G/24914_C/27972_T/28048_T/28111_G/28280_C/28281_T/28282_A/28881_A/28882_A/28883_C/28977_T,445_C/6286_T/10323_G/21255_C,3037_T/14408_T/23403_G,2019_C/4999_T/8090_T/9430_T/13945_T/20410_A/23208_T/25855_T/28095_T
EPI_ISL_1414990,cluster67_B.1.1.7,B.1.177.18,YYYYXXXXXXXXXXXXXXXXXX,21765_------/21991_---/23063_T/23271_A/23604_A/23709_T/24506_G/24914_C/27972_T/28048_T/28111_G/28280_C/28281_T/28282_A/28881_A/28882_A/28883_C/28977_T,445_C/6286_T/10323_G/21255_C,3037_T/14408_T/23403_G,2019_C/4999_T/8090_T/9430_T/13945_T/20410_A/23208_T/25855_T/28095_T
EPI_ISL_1415626,cluster67_B.1.1.7,B.1.177.18,YYYYXXXXXXXXXXXXXXXXXX,21765_------/21991_---/23063_T/23271_A/23604_A/23709_T/24506_G/24914_C/27972_T/28048_T/28111_G/28280_C/28281_T/28282_A/28881_A/28882_A/28883_C/28977_T,445_C/6286_T/10323_G/21255_C,3037_T/14408_T/23403_G,2019_C/4999_T/8090_T/9430_T/13945_T/20410_A/23208_T/25855_T/28095_T
EPI_ISL_1415652,cluster67_B.1.1.7,B.1.177.18,YYYYXXXXXXXXXXXXXXXXXX,21765_------/21991_---/23063_T/23271_A/23604_A/23709_T/24506_G/24914_C/27972_T/28048_T/28111_G/28280_C/28281_T/28282_A/28881_A/28882_A/28883_C/28977_T,445_C/6286_T/10323_G/21255_C,3037_T/14408_T/23403_G,2019_C/4999_T/8090_T/9430_T/13945_T/20410_A/23208_T/25855_T/28095_T
EPI_ISL_1416036,cluster67_B.1.1.7,B.1.177.18,YYYYXXXXXXXXXXXXXXXXXX,21765_------/21991_---/23063_T/23271_A/23604_A/23709_T/24506_G/24914_C/27972_T/28048_T/28111_G/28280_C/28281_T/28282_A/28881_A/28882_A/28883_C/28977_T,445_C/6286_T/10323_G/21255_C,3037_T/14408_T/23403_G,2019_C/4999_T/8090_T/9430_T/13945_T/20410_A/23208_T/25855_T/28095_T
EPI_ISL_1449111,cluster67_B.1.1.7,B.1.177.18,YYYYXXXXXXXXXXXXXXXXXX,21765_------/21991_---/23063_T/23271_A/23604_A/23709_T/24506_G/24914_C/27972_T/28048_T/28111_G/28280_C/28281_T/28282_A/28881_A/28882_A/28883_C/28977_T,445_C/6286_T/10323_G/21255_C,3037_T/14408_T/23403_G,2019_C/4999_T/8090_T/9430_T/13945_T/16260_T/20410_A/23208_T/25521_T/25855_T/28095_T
EPI_ISL_1449569,cluster67_B.1.1.7,B.1.177.18,YYYYXXXXXXXXXXXXXXXXXX,21765_------/21991_---/23063_T/23271_A/23604_A/23709_T/24506_G/24914_C/27972_T/28048_T/28111_G/28280_C/28281_T/28282_A/28881_A/28882_A/28883_C/28977_T,445_C/6286_T/10323_G/21255_C,3037_T/14408_T/23403_G,2019_C/4999_T/8090_T/9430_T/13945_T/20410_A/23208_T/25855_T/28095_T
EPI_ISL_1451730,cluster67_B.1.1.7,B.1.177.18,YYYYXXXXXXXXXXXXXXXXXX,21765_------/21991_---/23063_T/23271_A/23604_A/23709_T/24506_G/24914_C/27972_T/28048_T/28111_G/28280_C/28281_T/28282_A/28881_A/28882_A/28883_C/28977_T,445_C/6286_T/10323_G/21255_C,3037_T/14408_T/23403_G,2019_C/4999_T/8090_T/9430_T/13945_T/16260_T/20410_A/23208_T/25521_T/25855_T/28095_T
EPI_ISL_1451960,cluster67_B.1.1.7,B.1.177.18,YYYYXXXXXXXXXXXXXXXXXX,21765_------/21991_---/23063_T/23271_A/23604_A/23709_T/24506_G/24914_C/27972_T/28048_T/28111_G/28280_C/28281_T/28282_A/28881_A/28882_A/28883_C/28977_T,445_C/6286_T/10323_G/21255_C,3037_T/14408_T/23403_G,2019_C/4999_T/8090_T/9430_T/13945_T/16260_T/20410_A/23208_T/25521_T/25855_T/28095_T
EPI_ISL_1453017,cluster67_B.1.1.7,B.1.177.18,YYYYXXXXXXXXXXXXXXXXXX,21765_------/21991_---/23063_T/23271_A/23604_A/23709_T/24506_G/24914_C/27972_T/28048_T/28111_G/28280_C/28281_T/28282_A/28881_A/28882_A/28883_C/28977_T,445_C/6286_T/10323_G/21255_C,3037_T/14408_T/23403_G,2019_C/4999_T/8090_T/9430_T/13945_T/16260_T/20410_A/23208_T/25521_T/25855_T/28095_T
EPI_ISL_1453063,cluster67_B.1.1.7,B.1.177.18,YYYYXXXXXXXXXXXXXXXXXX,21765_------/21991_---/23063_T/23271_A/23604_A/23709_T/24506_G/24914_C/27972_T/28048_T/28111_G/28280_C/28281_T/28282_A/28881_A/28882_A/28883_C/28977_T,445_C/6286_T/10323_G/21255_C,3037_T/14408_T/23403_G,2019_C/4999_T/8090_T/9430_T/13945_T/20410_A/23208_T/25855_T/28095_T
EPI_ISL_1453403,cluster67_B.1.1.7,B.1.177.18,YYYYXXXXXXXXXXXXXXXXXX,21765_------/21991_---/23063_T/23271_A/23604_A/23709_T/24506_G/24914_C/27972_T/28048_T/28111_G/28280_C/28281_T/28282_A/28881_A/28882_A/28883_C/28977_T,445_C/6286_T/10323_G/21255_C,3037_T/14408_T/23403_G,1457_T/2019_C/4999_T/8090_T/9430_T/13945_T/20410_A/23208_T/25855_T/28095_T
EPI_ISL_1467202,cluster67_B.1.1.7,B.1.177.18,YYYYXXXXXXXXXXXXXXXXXX,21765_------/21991_---/23063_T/23271_A/23604_A/23709_T/24506_G/24914_C/27972_T/28048_T/28111_G/28280_C/28281_T/28282_A/28881_A/28882_A/28883_C/28977_T,445_C/6286_T/10323_G/21255_C,3037_T/14408_T/23403_G,2019_C/4999_T/8090_T/9430_T/13945_T/16260_T/20410_A/23208_T/25521_T/25855_T/28095_T
EPI_ISL_1467894,cluster67_B.1.1.7,B.1.177.18,YYYYXXXXXXXXXXXXXXXXXX,21765_------/21991_---/23063_T/23271_A/23604_A/23709_T/24506_G/24914_C/27972_T/28048_T/28111_G/28280_C/28281_T/28282_A/28881_A/28882_A/28883_C/28977_T,445_C/6286_T/10323_G/21255_C,3037_T/14408_T/23403_G,2019_C/4999_T/8090_T/9430_T/13945_T/20410_A/23208_T/25855_T/28095_T
EPI_ISL_1473947,cluster67_B.1.1.7,B.1.177.18,YYYYXXXXXXXXXXXXXXXXXX,21765_------/21991_---/23063_T/23271_A/23604_A/23709_T/24506_G/24914_C/27972_T/28048_T/28111_G/28280_C/28281_T/28282_A/28881_A/28882_A/28883_C/28977_T,445_C/6286_T/10323_G/21255_C,3037_T/14408_T/23403_G,2019_C/4999_T/8090_T/9430_T/13945_T/16260_T/20410_A/23208_T/25521_T/25855_T/28095_T
EPI_ISL_1474119,cluster67_B.1.1.7,B.1.177.18,YYYYXXXXXXXXXXXXXXXXXX,21765_------/21991_---/23063_T/23271_A/23604_A/23709_T/24506_G/24914_C/27972_T/28048_T/28111_G/28280_C/28281_T/28282_A/28881_A/28882_A/28883_C/28977_T,445_C/6286_T/10323_G/21255_C,3037_T/14408_T/23403_G,2019_C/4999_T/8090_T/9430_T/13945_T/16260_T/20410_A/23208_T/25521_T/25855_T/28095_T
EPI_ISL_1484686,cluster67_B.1.1.7,B.1.177.18,YYYYXXXXXXXXXXXXXXXXXX,21765_------/21991_---/23063_T/23271_A/23604_A/23709_T/24506_G/24914_C/27972_T/28048_T/28111_G/28280_C/28281_T/28282_A/28881_A/28882_A/28883_C/28977_T,445_C/6286_T/10323_G/21255_C,3037_T/14408_T/23403_G,2019_C/4999_T/8090_T/9430_T/13945_T/16260_T/20410_A/23208_T/25521_T/25855_T/28095_T
EPI_ISL_1485330,cluster67_B.1.1.7,B.1.177.18,YYYYXXXXXXXXXXXXXXXXXX,21765_------/21991_---/23063_T/23271_A/23604_A/23709_T/24506_G/24914_C/27972_T/28048_T/28111_G/28280_C/28281_T/28282_A/28881_A/28882_A/28883_C/28977_T,445_C/6286_T/10323_G/21255_C,3037_T/14408_T/23403_G,2019_C/4999_T/8090_T/9430_T/13945_T/20410_A/23208_T/25855_T/28095_T
EPI_ISL_1485917,cluster67_B.1.1.7,B.1.177.18,YYYYXXXXXXXXXXXXXXXXXX,21765_------/21991_---/23063_T/23271_A/23604_A/23709_T/24506_G/24914_C/27972_T/28048_T/28111_G/28280_C/28281_T/28282_A/28881_A/28882_A/28883_C/28977_T,445_C/6286_T/10323_G/21255_C,3037_T/14408_T/23403_G,2019_C/4999_T/8090_T/9430_T/13945_T/16260_T/20410_A/23208_T/25521_T/25855_T/28095_T
EPI_ISL_1487981,cluster67_B.1.1.7,B.1.177.18,YYYYXXXXXXXXXXXXXXXXXX,21765_------/21991_---/23063_T/23271_A/23604_A/23709_T/24506_G/24914_C/27972_T/28048_T/28111_G/28280_C/28281_T/28282_A/28881_A/28882_A/28883_C/28977_T,445_C/6286_T/10323_G/21255_C,3037_T/14408_T/23403_G,2019_C/4999_T/8090_T/9430_T/13945_T/16260_T/20410_A/23208_T/25521_T/25855_T/28095_T
EPI_ISL_1488865,cluster67_B.1.1.7,B.1.177.18,YYYYXXXXXXXXXXXXXXXXXX,21765_------/21991_---/23063_T/23271_A/23604_A/23709_T/24506_G/24914_C/27972_T/28048_T/28111_G/28280_C/28281_T/28282_A/28881_A/28882_A/28883_C/28977_T,445_C/6286_T/10323_G/21255_C,3037_T/14408_T/23403_G,2019_C/4999_T/8090_T/9430_T/13945_T/16260_T/20410_A/23208_T/25521_T/25855_T/28095_T
EPI_ISL_4367087,B.1.631,B.1.634,YYYYYYYXXXXXXXXY,22882_A/23604_A/23765_G/24442_T/24642_T/26222_T/27769_T/28330_G,7142_G/9614_G/9693_T/9754_C/11288_---------/15451_A/16466_T/28910_T,3037_T/14408_T/21615_G/21846_T/22036_C/23403_G/23625_T,1190_T/3688_T/3884_T/6633_T/6717_T/8480_T/14452_A/15237_T/20987_T/21057_T/27389_T/28048_A/28854_T/29449_T/29543_T
EPI_ISL_4367090,B.1.631,B.1.634,YYYYYYYXXXXXXXXY,22882_A/23604_A/23765_G/24442_T/24642_T/26222_T/27769_T/28330_G,7142_G/9614_G/9693_T/9754_C/11288_---------/15451_A/16466_T/28910_T,3037_T/14408_T/21615_G/21846_T/22036_C/23403_G/23625_T,1419_T/3688_T/3884_T/5887_T/6633_T/6717_T/8394_T/8480_T/17403_T/20987_T/21057_T/27389_T/27758_A/27760_A/28048_A/28854_T/29543_T
EPI_ISL_4367096,B.1.631,B.1.634,YYYYYYYXXXXXXXXY,22882_A/23604_A/23765_G/24442_T/24642_T/26222_T/27769_T/28330_G,7142_G/9614_G/9693_T/9754_C/11288_---------/15451_A/16466_T/28910_T,3037_T/14408_T/21615_G/21846_T/22036_C/23403_G/23625_T,3688_T/3884_T/5240_T/5880_T/6633_T/9891_T/14224_G/15760_T/21057_T/21123_T/22092_A/23664_T/26444_T/27389_T/27892_G/28328_A/28854_T
EPI_ISL_4367109,B.1.631,B.1.634,YYYYYYYXXXXXXXXY,22882_A/23604_A/23765_G/24442_T/24642_T/26222_T/27769_T/28330_G,7142_G/9614_G/9693_T/9754_C/11288_---------/15451_A/16466_T/28910_T,3037_T/14408_T/21615_G/21846_T/22036_C/23403_G/23625_T,1190_T/3688_T/3884_T/5310_T/6633_T/6717_T/7328_T/8480_T/14452_A/15237_T/20987_T/21057_T/27389_T/28048_A/28854_T/29543_T
EPI_ISL_4367114,B.1.631,B.1.634,YYYYYYYXXXXXXXXY,22882_A/23604_A/23765_G/24442_T/24642_T/26222_T/27769_T/28330_G,7142_G/9614_G/9693_T/9754_C/11288_---------/15451_A/16466_T/28910_T,3037_T/14408_T/21615_G/22036_C/23403_G/23625_T,3688_T/3884_T/6633_T/7735_T/19694_T/21057_T/22975_G/23401_T/24933_T/25827_C/27389_T/27892_G/28048_A/28854_T/29218_T
EPI_ISL_4367115,B.1.631,B.1.634,YYYYYYYXXXXXXXXY,22882_A/23604_A/23765_G/24442_T/24642_T/26222_T/27769_T/28330_G,7142_G/9614_G/9693_T/9754_C/11288_---------/15451_A/16466_T/28910_T,3037_T/14408_T/21615_G/21846_T/22036_C/23403_G/23625_T,1255_G/2488_T/3688_T/3884_T/4057_C/4827_T/6028_G/6633_T/7797_G/9588_C/12084_T/15026_T/21057_T/23638_T/25046_T/27389_T/28048_A/28854_T
EPI_ISL_4367116,B.1.631,B.1.634,YYYYYYYXXXXXXXXY,22882_A/23604_A/23765_G/24442_T/24642_T/26222_T/27769_T/28330_G,7142_G/9614_G/9693_T/9754_C/11288_---------/15451_A/16466_T/28910_T,3037_T/14408_T/21615_G/21846_T/22036_C/23403_G/23625_T,514_---/1255_G/3688_T/3884_T/6633_T/15026_T/21057_T/23638_T/25688_A/27389_T/28048_A/28854_T
EPI_ISL_4367131,B.1.631,B.1.634,YYYYYYYXXXXXXXXY,22882_A/23604_A/23765_G/24442_T/24642_T/26222_T/27769_T/28330_G,7142_G/9614_G/9693_T/9754_C/11288_---------/15451_A/16466_T/28910_T,3037_T/14408_T/21615_G/21846_T/22036_C/23403_G/23625_T,1102_T/1255_G/1516_C/2961_G/3688_T/3884_T/6633_T/7011_T/10279_A/15026_T/20104_T/21057_T/23638_T/27389_T/27463_A/27521_G/28045_T/28048_A/28854_T
EPI_ISL_4367150,B.1.631,B.1.634,YYYYYYYXXXXXXXXY,22882_A/23604_A/23765_G/24442_T/24642_T/26222_T/27769_T/28330_G,7142_G/9614_G/9693_T/9754_C/11288_---------/15451_A/16466_T/28910_T,3037_T/14408_T/21615_G/21846_T/22036_C/23403_G/23625_T,514_---/1419_T/3688_T/3884_T/5886_T/6633_T/6717_T/8480_T/15936_G/17403_T/17678_T/19858_T/20987_T/21057_T/25916_T/27389_T/28048_A/28854_T/29543_T
EPI_ISL_4367169,B.1.631,B.1.634,YYYYYYYXXXXXXXXY,22882_A/23604_A/23765_G/24442_T/24642_T/26222_T/27769_T/28330_G,7142_G/9614_G/9693_T/9754_C/11288_---------/15451_A/16466_T/28910_T,3037_T/14408_T/21615_G/21846_T/22036_C/23403_G/23625_T,1255_G/3688_T/3884_T/6633_T/15026_T/21057_T/23638_T/27389_T/28048_A/28854_T
EPI_ISL_4367191,B.1.631,B.1.634,YYYYYYYXXXXXXXXY,22882_A/23604_A/23765_G/24442_T/24642_T/26222_T/27769_T/28330_G,7142_G/9614_G/9693_T/9754_C/11288_---------/15451_A/16466_T/28910_T,3037_T/14408_T/21615_G/21846_T/22036_C/23403_G/23625_T,2536_T/3688_T/3884_T/6633_T/19085_G/21057_T/25942_C/27389_T/27892_G/27896_T/28048_A/28854_T
EPI_ISL_4367222,B.1.631,B.1.634,YYYYYYYXXXXXXXXY,22882_A/23604_A/23765_G/24442_T/24642_T/26222_T/27769_T/28330_G,7142_G/9614_G/9693_T/9754_C/11288_---------/15451_A/16466_T/28910_T,3037_T/14408_T/21615_G/21846_T/22036_C/23403_G/23625_T,1419_T/3688_T/3884_T/6633_T/6717_T/8480_T/15936_G/17403_T/20987_T/21057_T/27389_T/28048_A/28854_T/29543_T
EPI_ISL_4367233,B.1.631,B.1.634,YYYYYYYXXXXXXXXY,22882_A/23604_A/23765_G/24442_T/24642_T/26222_T/27769_T/28330_G,7142_G/9614_G/9693_T/9754_C/11288_---------/15451_A/16466_T/28910_T,3037_T/14408_T/21615_G/21846_T/22036_C/23403_G/23625_T,1419_T/1471_T/2590_C/3688_T/3884_T/4879_C/6633_T/6717_T/8480_T/20145_A/20987_T/21057_T/21632_C/23012_C/26319_G/27389_T/28048_A/28603_T/28854_T/28936_T/29543_T
EPI_ISL_4367236,B.1.631,B.1.634,YYYYYYYXXXXXXXXY,22882_A/23604_A/23765_G/24442_T/24642_T/26222_T/27769_T/28330_G,7142_G/9614_G/9693_T/9754_C/11288_---------/15451_A/16466_T/28910_T,3037_T/14408_T/21615_G/21846_T/22036_C/23403_G/23625_T,1255_G/1722_T/3688_T/3884_T/6633_T/15026_T/21057_T/21618_T/23638_T/24378_T/24406_G/27389_T/28048_A/28854_T
EPI_ISL_4367277,B.1.631,B.1.634,YYYYYYYXXXXXXXXY,22882_A/23604_A/23765_G/24442_T/24642_T/26222_T/27769_T/28330_G,7142_G/9614_G/9693_T/9754_C/11288_---------/15451_A/16466_T/28910_T,3037_T/14408_T/21615_G/21846_T/22036_C/23403_G/23625_T,282_T/3688_T/3884_T/6633_T/6717_T/6759_T/8892_T/11401_T/12514_T/14766_C/17439_T/21057_T/24319_T/27389_T/28048_A/28432_T/28854_T/29543_T
EPI_ISL_4367294,B.1.631,B.1.634,YYYYYYYXXXXXXXXY,22882_A/23604_A/23765_G/24442_T/24642_T/26222_T/27769_T/28330_G,7142_G/9614_G/9693_T/9754_C/11288_---------/15451_A/16466_T/28910_T,3037_T/14408_T/21615_G/21846_T/22036_C/23403_G/23625_T,1255_G/3688_T/3884_T/6633_T/7006_T/15026_T/21057_T/23638_T/26895_T/27389_T/28048_A/28854_T
EPI_ISL_4367296,B.1.631,B.1.634,YYYYYYYXXXXXXXXY,22882_A/23604_A/23765_G/24442_T/24642_T/26222_T/27769_T/28330_G,7142_G/9614_G/9693_T/9754_C/11288_---------/15451_A/16466_T/28910_T,3037_T/14408_T/21615_G/21846_T/22036_C/23403_G/23625_T,1419_T/2407_T/3688_T/3884_T/5884_T/6633_T/8480_T/17403_T/20987_T/21057_T/25815_C/27389_T/28048_A/28854_T/29543_T
EPI_ISL_4367323,B.1.631,B.1.634,YYYYYYYXXXXXXXXY,22882_A/23604_A/23765_G/24442_T/24642_T/26222_T/27769_T/28330_G,7142_G/9614_G/9693_T/9754_C/11288_---------/15451_A/16466_T/28910_T,3037_T/14408_T/21615_G/21846_T/22036_C/23403_G/23625_T,518_T/1190_T/3688_T/3884_T/6633_T/6717_T/8480_T/14246_G/14452_A/15237_T/16269_A/20987_T/21057_T/23254_G/26270_T/27389_T/28048_A/28854_T/29543_T
EPI_ISL_4367324,B.1.631,B.1.634,YYYYYYYXXXXXXXXY,22882_A/23604_A/23765_G/24442_T/24642_T/26222_T/27769_T/28330_G,7142_G/9614_G/9693_T/9754_C/11288_---------/15451_A/16466_T/28910_T,3037_T/14408_T/21615_G/21846_T/22036_C/23403_G/23625_T,1255_G/1938_T/3688_T/3884_T/6028_G/6633_T/15026_T/20611_T/21057_T/23638_T/27389_T/28048_A/28854_T
EPI_ISL_4367328,B.1.631,B.1.634,YYYYYYYXXXXXXXXY,22882_A/23604_A/23765_G/24442_T/24642_T/26222_T/27769_T/28330_G,7142_G/9614_G/9693_T/9754_C/11288_---------/15451_A/16466_T/28910_T,3037_T/14408_T/21615_G/21846_T/22036_C/23403_G/23625_T,514_---/1419_T/1471_T/2590_C/3688_T/3884_T/4879_C/6633_T/6717_T/8480_T/20145_A/20987_T/21057_T/21632_C/23012_C/26319_G/27389_T/28048_A/28603_T/28698_T/28854_T/28936_T/29543_T
EPI_ISL_4367359,B.1.631,B.1.634,YYYYYYYXXXXXXXXY,22882_A/23604_A/23765_G/24442_T/24642_T/26222_T/27769_T/28330_G,7142_G/9614_G/9693_T/9754_C/11288_---------/15451_A/16466_T/28910_T,3037_T/14408_T/21615_G/21846_T/22036_C/23403_G/23625_T,1419_T/3688_T/3884_T/6633_T/6717_T/8480_T/17403_T/20987_T/21057_T/25815_C/27389_T/28048_A/28854_T/29543_T
EPI_ISL_4367367,B.1.631,B.1.634,YYYYYYYXXXXXXXXY,22882_A/23604_A/23765_G/24442_T/24642_T/26222_T/27769_T/28330_G,7142_G/9614_G/9693_T/9754_C/11288_---------/15451_A/16466_T/28910_T,3037_T/14408_T/21615_G/21846_T/22036_C/23403_G/23625_T,1281_T/3688_T/3884_T/6633_T/19085_G/21057_T/25942_C/27389_T/27892_G/28048_A/28854_T
EPI_ISL_4367372,B.1.631,B.1.634,YYYYYYYXXXXXXXXY,22882_A/23604_A/23765_G/24442_T/24642_T/26222_T/27769_T/28330_G,7142_G/9614_G/9693_T/9754_C/11288_---------/15451_A/16466_T/28910_T,3037_T/14408_T/21615_G/21846_T/22036_C/23403_G/23625_T,1190_T/3688_T/3884_T/6633_T/6717_T/8480_T/14452_A/15237_T/20987_T/21057_T/27389_T/28048_A/28854_T/29543_T
EPI_ISL_4367374,B.1.631,B.1.634,YYYYYYYXXXXXXXXY,22882_A/23604_A/23765_G/24442_T/24642_T/26222_T/27769_T/28330_G,7142_G/9614_G/9693_T/9754_C/11288_---------/15451_A/16466_T/28910_T,3037_T/14408_T/21615_G/21846_T/22036_C/23403_G/23625_T,1419_T/3688_T/3884_T/6633_T/6717_T/8480_T/17403_T/19032_T/20987_T/21057_T/24422_A/27389_T/28048_A/28854_T/29543_T
EPI_ISL_4367377,B.1.631,B.1.634,YYYYYYYXXXXXXXXY,22882_A/23604_A/23765_G/24442_T/24642_T/26222_T/27769_T/28330_G,7142_G/9614_G/9693_T/9754_C/11288_---------/15451_A/16466_T/28910_T,3037_T/14408_T/21615_G/21846_T/22036_C/23403_G/23625_T,1255_G/3688_T/3884_T/6633_T/15026_T/21057_T/23114_T/23638_T/27389_T/28048_A/28854_T
EPI_ISL_4367406,B.1.631,B.1.634,YYYYYYYXXXXXXXXY,22882_A/23604_A/23765_G/24442_T/24642_T/26222_T/27769_T/28330_G,7142_G/9614_G/9693_T/9754_C/11288_---------/15451_A/16466_T/28910_T,3037_T/14408_T/21615_G/21846_T/22036_C/23403_G/23625_T,518_T/1190_T/3688_T/3884_T/6633_T/6717_T/8480_T/14246_G/14452_A/15237_T/16269_A/19586_T/20987_T/21057_T/26270_T/27389_T/28048_A/28854_T/29543_T
EPI_ISL_4367428,B.1.631,B.1.634,YYYYYYYXXXXXXXXY,22882_A/23604_A/23765_G/24442_T/24642_T/26222_T/27769_T/28330_G,7142_G/9614_G/9693_T/9754_C/11288_---------/15451_A/16466_T/28910_T,3037_T/14408_T/21615_G/21846_T/22036_C/23403_G/23625_T,988_T/1255_G/3688_T/3884_T/5294_A/6633_T/12591_C/15026_T/21057_T/21255_T/22498_T/23638_T/25513_T/27389_T/27427_T/28048_A/28610_A/28854_T
EPI_ISL_4367434,B.1.631,B.1.634,YYYYYYYXXXXXXXXY,22882_A/23604_A/23765_G/24442_T/24642_T/26222_T/27769_T/28330_G,7142_G/9614_G/9693_T/9754_C/11288_---------/15451_A/16466_T/28910_T,3037_T/14408_T/21615_G/21846_T/22036_C/23403_G/23625_T,1255_G/2842_T/3688_T/3884_T/6633_T/15026_T/21057_T/23638_T/27389_T/28048_A/28854_T
EPI_ISL_4367438,B.1.631,B.1.634,YYYYYYYXXXXXXXXY,22882_A/23604_A/23765_G/24442_T/24642_T/26222_T/27769_T/28330_G,7142_G/9614_G/9693_T/9754_C/11288_---------/15451_A/16466_T/28910_T,3037_T/14408_T/21615_G/22036_C/23403_G/23625_T,1419_T/1609_T/3688_T/3884_T/5055_T/6633_T/8480_T/12417_G/12667_G/17403_T/18259_G/19032_T/20987_T/21057_T/21575_T/24422_A/26427_C/27389_T/28048_A/28854_T/29543_T
EPI_ISL_4367448,B.1.631,B.1.634,YYYYYYYXXXXXXXXY,22882_A/23604_A/23765_G/24442_T/24642_T/26222_T/27769_T/28330_G,7142_G/9614_G/9693_T/9754_C/11288_---------/15451_A/16466_T/28910_T,3037_T/14408_T/21615_G/21846_T/22036_C/23403_G/23625_T,3688_T/3884_T/6633_T/9211_T/19085_G/21057_T/25942_C/26130_C/27389_T/27892_G/28048_A/28854_T/29284_T
EPI_ISL_4435226,cluster31_AY.26,AY.3.3,XXXXXXXYYYY,2911_G/5184_T/5584_G/9891_T/11418_C/11514_T/13019_T,27874_T/28916_T/29050_A/29509_T,3037_T/14408_T/15451_A/16466_T/21618_G/22029_------/22917_G/22995_A/23403_G/23604_G/24410_A/25469_T/26767_C/27638_C/27752_T/28248_------/28461_G/28881_T/29402_T,12097_G/22639_T/22741_C/25471_T/28456_A
EPI_ISL_4455880,cluster31_AY.26,AY.3.3,XXXXXXXYYYYY,2911_G/5184_T/5584_G/9891_T/11418_C/11514_T/13019_T,21987_A/27874_T/28916_T/29050_A/29509_T,3037_T/14408_T/15451_A/16466_T/21618_G/22029_------/22917_G/22995_A/23403_G/23604_G/24410_A/25469_T/26767_C/27638_C/27752_T/28248_------/28461_G/28881_T/29402_T,6841_T/12097_G/22741_C
EPI_ISL_4455892,cluster31_AY.26,AY.3.3,XXXXXXXYYYYY,2911_G/5184_T/5584_G/9891_T/11418_C/11514_T/13019_T,21987_A/27874_T/28916_T/29050_A/29509_T,3037_T/14408_T/15451_A/16466_T/21618_G/22029_------/22917_G/22995_A/23403_G/23604_G/24410_A/25469_T/26767_C/27638_C/27752_T/28248_------/28461_G/28881_T/29402_T,514_---/6841_T/12097_G/16092_T/22741_C
EPI_ISL_4455953,cluster31_AY.26,AY.3.3,XXXXXXXYYYYY,2911_G/5184_T/5584_G/9891_T/11418_C/11514_T/13019_T,21987_A/27874_T/28916_T/29050_A/29509_T,3037_T/14408_T/15451_A/16466_T/21618_G/22029_------/22917_G/22995_A/23403_G/23604_G/24410_A/25469_T/26767_C/27638_C/27752_T/28248_------/28461_G/28881_T/29402_T,6841_T/12097_G/16092_T/22741_C
EPI_ISL_4457645,cluster31_AY.26,AY.3.3,XXXXXXXYYYYY,2911_G/5184_T/5584_G/9891_T/11418_C/11514_T/13019_T,21987_A/27874_T/28916_T/29050_A/29509_T,3037_T/14408_T/15451_A/16466_T/21618_G/22029_------/22917_G/22995_A/23403_G/23604_G/24410_A/25469_T/26767_C/27638_C/27752_T/28248_------/28461_G/28881_T/29402_T,6841_T/7328_T/12097_G/22741_C/26004_T
EPI_ISL_4459650,cluster31_AY.26,AY.3.3,XXXXXXXYYYYY,2911_G/5184_T/5584_G/9891_T/11418_C/11514_T/13019_T,21987_A/27874_T/28916_T/29050_A/29509_T,3037_T/14408_T/15451_A/16466_T/21618_G/22029_------/22917_G/22995_A/23403_G/23604_G/24410_A/25469_T/26767_C/27638_C/27752_T/28248_------/28461_G/28881_T/29402_T,6841_T/12097_G/22741_C
EPI_ISL_4470455,cluster31_AY.26,AY.3.3,XXXXXXXYYYY,2911_G/5184_T/5584_G/9891_T/11418_C/11514_T/13019_T,27874_T/28916_T/29050_A/29509_T,3037_T/14408_T/15451_A/16466_T/21618_G/22029_------/22917_G/22995_A/23403_G/23604_G/24410_A/25469_T/26767_C/27638_C/27752_T/28248_------/28461_G/28881_T/29402_T,12097_G/22639_T/22741_C/25471_T/28456_A
EPI_ISL_4470468,cluster31_AY.26,AY.3.3,XXXXXXXYYYY,2911_G/5184_T/5584_G/9891_T/11418_C/11514_T/13019_T,27874_T/28916_T/29050_A/29509_T,3037_T/14408_T/15451_A/16466_T/21618_G/22029_------/22917_G/22995_A/23403_G/23604_G/24410_A/25469_T/26767_C/27638_C/27752_T/28248_------/28461_G/28881_T/29402_T,12097_G/22639_T/22741_C/25471_T/28456_A
EPI_ISL_4512596,cluster31_AY.26,AY.3.3,XXXXXXXYYYY,2911_G/5184_T/5584_G/9891_T/11418_C/11514_T/13019_T,27874_T/28916_T/29050_A/29509_T,3037_T/14408_T/15451_A/16466_T/21618_G/22029_------/22917_G/22995_A/23403_G/23604_G/24410_A/25469_T/26767_C/27638_C/27752_T/28248_------/28461_G/28881_T/29402_T,12097_G/22741_C/25075_T
EPI_ISL_4890864,cluster31_AY.26,AY.3.3,XXXXXXXYYYY,2911_G/5184_T/5584_G/9891_T/11418_C/11514_T/13019_T,27874_T/28916_T/29050_A/29509_T,3037_T/14408_T/15451_A/16466_T/21618_G/22029_------/22917_G/22995_A/23403_G/23604_G/24410_A/25469_T/26767_C/27638_C/27752_T/28248_------/28461_G/28881_T/29402_T,12097_G/12525_T/12540_T/22741_C/28456_A
EPI_ISL_4911983,cluster31_AY.26,AY.3.3,XXXXXXXYYYY,2911_G/5184_T/5584_G/9891_T/11418_C/11514_T/13019_T,27874_T/28916_T/29050_A/29509_T,3037_T/14408_T/15451_A/16466_T/21618_G/22029_------/22917_G/22995_A/23403_G/23604_G/24410_A/25469_T/26767_C/27638_C/27752_T/28248_------/28461_G/28881_T/29402_T,12097_G/22741_C/28456_A
EPI_ISL_4944852,cluster31_AY.26,AY.3.3,XXXXXXXYYYY,2911_G/5184_T/5584_G/9891_T/11418_C/11514_T/13019_T,27874_T/28916_T/29050_A/29509_T,3037_T/14408_T/15451_A/16466_T/21618_G/22029_------/22917_G/22995_A/23403_G/23604_G/24410_A/25469_T/26767_C/27638_C/27752_T/28248_------/28461_G/28881_T/29402_T,12097_G/22639_T/22741_C/28456_A
EPI_ISL_4960597,cluster31_AY.26,AY.3.3,XXXXXXXYYYY,2911_G/5184_T/5584_G/9891_T/11418_C/11514_T/13019_T,27874_T/28916_T/29050_A/29509_T,3037_T/14408_T/15451_A/16466_T/21618_G/22029_------/22917_G/22995_A/23403_G/23604_G/24410_A/25469_T/26767_C/27638_C/27752_T/28248_------/28461_G/28881_T/29402_T,6841_T/12097_G/16092_T/22741_C
EPI_ISL_4978805,cluster31_AY.26,AY.3.3,XXXXXXXYYYY,2911_G/5184_T/5584_G/9891_T/11418_C/11514_T/13019_T,27874_T/28916_T/29050_A/29509_T,3037_T/14408_T/15451_A/16466_T/21618_G/22029_------/22917_G/22995_A/23403_G/23604_G/24410_A/25469_T/26767_C/27638_C/27752_T/28248_------/28461_G/28881_T/29402_T,6841_T/12097_G/22741_C
EPI_ISL_5032094,cluster31_AY.26,AY.3.3,XXXXXXXYYYY,2911_G/5184_T/5584_G/9891_T/11418_C/11514_T/13019_T,27874_T/28916_T/29050_A/29509_T,3037_T/14408_T/15451_A/16466_T/21618_G/22917_G/22995_A/23403_G/23604_G/24410_A/25469_T/26767_C/27638_C/27752_T/28461_G/28881_T/29402_T,3955_T/12097_G/22741_C/28248_A
EPI_ISL_5091393,cluster31_AY.26,AY.3.3,XXXXXXXYYYYY,2911_G/5184_T/5584_G/9891_T/11418_C/11514_T/13019_T,21987_A/27874_T/28916_T/29050_A/29509_T,3037_T/14408_T/15451_A/16466_T/21618_G/22029_------/22917_G/22995_A/23403_G/23604_G/24410_A/25469_T/26767_C/27638_C/27752_T/28248_------/28461_G/28881_T/29402_T,334_A/514_---/12097_G/20987_T/22741_C
EPI_ISL_5201275,cluster31_AY.26,AY.3.3,XXXXXXXYYYYY,2911_G/5184_T/5584_G/9891_T/11418_C/11514_T/13019_T,21987_A/27874_T/28916_T/29050_A/29509_T,3037_T/14408_T/15451_A/16466_T/21618_G/22029_------/22917_G/22995_A/23403_G/23604_G/24410_A/25469_T/26767_C/27638_C/27752_T/28248_------/28461_G/28881_T/29402_T,6841_T/12097_G/16092_T/22741_C
EPI_ISL_5232550,cluster31_AY.26,AY.3.3,XXXXXXXYYYYY,2911_G/5184_T/5584_G/9891_T/11418_C/11514_T/13019_T,21987_A/27874_T/28916_T/29050_A/29509_T,3037_T/14408_T/15451_A/16466_T/21618_G/22029_------/22917_G/22995_A/23403_G/23604_G/24410_A/25469_T/26767_C/27638_C/27752_T/28248_------/28461_G/28881_T/29402_T,514_---/6841_T/7328_T/12097_G/22741_C
EPI_ISL_5233506,cluster31_AY.26,AY.3.3,XXXXXXXYYYYY,2911_G/5184_T/5584_G/9891_T/11418_C/11514_T/13019_T,21987_A/27874_T/28916_T/29050_A/29509_T,3037_T/14408_T/15451_A/16466_T/21618_G/22029_------/22917_G/22995_A/23403_G/23604_G/24410_A/25469_T/26767_C/27638_C/27752_T/28248_------/28461_G/28881_T/29402_T,514_---/6841_T/12097_G/22741_C/26004_T
EPI_ISL_5233604,cluster31_AY.26,AY.3.3,XXXXXXXYYYYY,2911_G/5184_T/5584_G/9891_T/11418_C/11514_T/13019_T,21987_A/27874_T/28916_T/29050_A/29509_T,3037_T/14408_T/15451_A/16466_T/21618_G/22029_------/22917_G/22995_A/23403_G/23604_G/24410_A/25469_T/26767_C/27638_C/27752_T/28248_------/28461_G/28881_T/29402_T,1853_T/7328_T/12097_G/16887_T/22741_C/25096_T/27999_T
